sleepStartTimestampGMT,sleepEndTimestampGMT,calendarDate,sleepWindowConfirmationType,deepSleepSeconds,lightSleepSeconds,remSleepSeconds,awakeSleepSeconds,unmeasurableSeconds,averageRespiration,lowestRespiration,highestRespiration,retro,awakeCount,avgSleepStress,restlessMomentCount,napList,spo2SleepSummary,breathingDisruptionSeverity,overallScore,qualityScore,durationScore,recoveryScore,deepScore,remScore,lightScore,awakeningsCountScore,awakeTimeScore,combinedAwakeScore,restfulnessScore,interruptionsScore,feedback,insight
2024-12-04 23:25:40,2024-12-05 06:54:40,2024-12-05,ENHANCED_CONFIRMED_FINAL,4080.0,15960.0,5880.0,1020.0,0.0,13.0,10.0,15.0,False,0.0,10.729999542236328,33.0,,,,85.0,91.0,80.0,97.0,79.0,91.0,84.0,100.0,84.0,92.0,89.0,92.0,POSITIVE_LONG_AND_RECOVERING,POSITIVE_LATE_BED_TIME
2024-12-06 05:54:15,2024-12-06 10:07:15,2024-12-06,ENHANCED_CONFIRMED_FINAL,4380.0,7860.0,,2940.0,0.0,14.0,11.0,15.0,False,3.0,60.810001373291016,12.0,"[{'napTimeSec': 7320, 'napStartTimestampGMT': '2024-12-06T14:51:50.0', 'napEndTimestampGMT': '2024-12-06T16:53:50.0', 'calendarDate': '2024-12-06'}]",,,26.0,38.0,23.0,0.0,100.0,0.0,80.0,61.0,51.0,56.0,100.0,63.0,NEGATIVE_SHORT_AND_POOR_QUALITY,NONE
2024-12-07 00:33:50,2024-12-07 08:22:50,2024-12-07,ENHANCED_CONFIRMED_FINAL,3300.0,17460.0,7380.0,0.0,0.0,12.0,8.0,15.0,False,0.0,16.649999618530273,28.0,,,,87.0,88.0,95.0,77.0,71.0,100.0,84.0,100.0,100.0,100.0,99.0,100.0,POSITIVE_LONG_AND_REFRESHING,NONE
2024-12-07 22:38:31,2024-12-08 07:13:25,2024-12-08,ENHANCED_CONFIRMED_FINAL,3540.0,20040.0,7260.0,60.0,0.0,12.0,9.0,16.0,False,0.0,17.020000457763672,32.0,,,,88.0,87.0,100.0,76.0,71.0,97.0,79.0,100.0,100.0,100.0,98.0,100.0,POSITIVE_LONG_AND_CONTINUOUS,NONE
2024-12-08 21:08:05,2024-12-09 05:55:05,2024-12-09,ENHANCED_CONFIRMED_FINAL,4140.0,21900.0,4860.0,720.0,0.0,12.0,8.0,15.0,False,1.0,24.899999618530273,45.0,,,,77.0,73.0,100.0,60.0,75.0,69.0,71.0,87.0,91.0,89.0,83.0,87.0,POSITIVE_LONG_AND_CONTINUOUS,POSITIVE_EXERCISE
2024-12-09 22:02:07,2024-12-10 06:58:07,2024-12-10,ENHANCED_CONFIRMED_FINAL,3480.0,20940.0,6600.0,1140.0,0.0,12.0,9.0,15.0,False,1.0,16.09000015258789,47.0,,,,84.0,79.0,100.0,78.0,70.0,82.0,76.0,87.0,81.0,84.0,80.0,83.0,POSITIVE_LONG_AND_CONTINUOUS,POSITIVE_RESTFUL_DAY
2024-12-10 22:44:02,2024-12-11 06:01:02,2024-12-11,ENHANCED_CONFIRMED_FINAL,6960.0,13740.0,5100.0,420.0,0.0,10.0,8.0,15.0,False,0.0,21.739999771118164,25.0,,,,80.0,85.0,80.0,67.0,100.0,78.0,100.0,100.0,97.0,98.0,100.0,99.0,POSITIVE_LONG_AND_DEEP,NONE
2024-12-11 21:57:56,2024-12-12 06:10:56,2024-12-12,ENHANCED_CONFIRMED_FINAL,3120.0,20280.0,3840.0,2340.0,0.0,12.0,9.0,24.0,False,2.0,22.309999465942383,30.0,,,,76.0,69.0,97.0,65.0,71.0,66.0,67.0,74.0,61.0,67.0,97.0,73.0,POSITIVE_LONG_AND_CALM,POSITIVE_EXERCISE
2024-12-12 22:26:19,2024-12-13 06:25:19,2024-12-13,ENHANCED_CONFIRMED_FINAL,3600.0,19380.0,5040.0,720.0,0.0,11.0,8.0,15.0,False,1.0,19.68000030517578,32.0,,,,82.0,78.0,95.0,71.0,74.0,74.0,74.0,87.0,91.0,89.0,94.0,90.0,POSITIVE_LONG_AND_CALM,NONE
2024-12-14 04:22:20,2024-12-14 08:53:20,2024-12-14,ENHANCED_CONFIRMED_FINAL,6300.0,6900.0,,3060.0,0.0,14.0,12.0,16.0,False,2.0,49.81999969482422,11.0,"[{'napTimeSec': 3480, 'napStartTimestampGMT': '2024-12-14T15:53:10.0', 'napEndTimestampGMT': '2024-12-14T16:51:10.0', 'calendarDate': '2024-12-14'}]",,,28.0,39.0,27.0,0.0,100.0,0.0,100.0,74.0,47.0,60.0,100.0,68.0,NEGATIVE_SHORT_AND_POOR_QUALITY,NEGATIVE_HIGHLY_STRESSFUL_DAY
2024-12-14 22:29:10,2024-12-15 06:10:10,2024-12-15,ENHANCED_CONFIRMED_FINAL,2940.0,18300.0,6360.0,60.0,0.0,13.0,9.0,17.0,False,0.0,16.81999969482422,32.0,,,,85.0,86.0,92.0,76.0,69.0,94.0,77.0,100.0,100.0,100.0,93.0,99.0,POSITIVE_LONG_AND_CONTINUOUS,NONE
2024-12-15 22:45:41,2024-12-16 05:55:41,2024-12-16,ENHANCED_CONFIRMED_FINAL,3840.0,14340.0,7500.0,120.0,0.0,12.0,8.0,15.0,False,0.0,16.3700008392334,25.0,,,,82.0,87.0,79.0,77.0,78.0,92.0,95.0,100.0,100.0,100.0,100.0,100.0,POSITIVE_CONTINUOUS,NONE
2024-12-16 21:48:46,2024-12-17 06:00:46,2024-12-17,ENHANCED_CONFIRMED_FINAL,3480.0,21840.0,3660.0,540.0,0.0,12.0,8.0,16.0,False,0.0,21.889999389648438,33.0,,,,79.0,77.0,100.0,66.0,72.0,63.0,66.0,100.0,95.0,97.0,94.0,97.0,POSITIVE_LONG_AND_CONTINUOUS,POSITIVE_RESTFUL_EVENING
2024-12-17 23:02:10,2024-12-18 05:59:10,2024-12-18,ENHANCED_CONFIRMED_FINAL,5280.0,16080.0,3480.0,180.0,0.0,12.0,8.0,16.0,False,0.0,23.219999313354492,33.0,,,,75.0,81.0,76.0,64.0,100.0,66.0,79.0,100.0,100.0,100.0,87.0,97.0,POSITIVE_DEEP,NONE
2024-12-18 23:31:30,2024-12-19 06:16:30,2024-12-19,ENHANCED_CONFIRMED_FINAL,3900.0,14520.0,5700.0,180.0,0.0,12.0,9.0,15.0,False,0.0,23.209999084472656,19.0,,,,76.0,85.0,74.0,64.0,81.0,98.0,87.0,100.0,100.0,100.0,100.0,100.0,POSITIVE_CONTINUOUS,NONE
2024-12-19 22:37:05,2024-12-20 07:00:34,2024-12-20,ENHANCED_CONFIRMED_FINAL,5040.0,19140.0,5640.0,420.0,0.0,13.0,10.0,18.0,False,0.0,21.709999084472656,44.0,,,,84.0,81.0,100.0,67.0,85.0,76.0,80.0,100.0,97.0,98.0,82.0,95.0,POSITIVE_LONG_AND_CONTINUOUS,POSITIVE_EXERCISE
2024-12-20 22:39:07,2024-12-21 07:23:39,2024-12-21,ENHANCED_CONFIRMED_FINAL,3060.0,21720.0,6360.0,360.0,0.0,12.0,8.0,15.0,False,0.0,19.110000610351562,44.0,,,,84.0,81.0,100.0,72.0,68.0,79.0,73.0,100.0,99.0,99.0,84.0,96.0,POSITIVE_LONG_AND_CONTINUOUS,POSITIVE_RESTFUL_DAY
2024-12-22 03:15:58,2024-12-22 08:09:58,2024-12-22,ENHANCED_CONFIRMED_FINAL,1440.0,12660.0,1560.0,1980.0,0.0,13.0,9.0,15.0,False,2.0,37.79999923706055,14.0,,,,44.0,55.0,39.0,29.0,66.0,54.0,55.0,74.0,67.0,70.0,100.0,76.0,NEGATIVE_SHORT_AND_POOR_QUALITY,NEGATIVE_LATE_BED_TIME
2024-12-22 23:38:58,2024-12-23 09:06:58,2024-12-23,ENHANCED_CONFIRMED_FINAL,4500.0,20760.0,7680.0,1140.0,0.0,11.0,8.0,16.0,False,1.0,16.59000015258789,43.0,,,,87.0,82.0,100.0,77.0,75.0,95.0,82.0,87.0,81.0,84.0,88.0,85.0,POSITIVE_LONG_AND_REFRESHING,NONE
2024-12-23 23:47:12,2024-12-24 05:35:12,2024-12-24,ENHANCED_CONFIRMED_FINAL,4080.0,13260.0,3240.0,300.0,0.0,12.0,8.0,15.0,False,0.0,19.719999313354492,23.0,,,,70.0,82.0,61.0,71.0,80.0,70.0,75.0,100.0,100.0,100.0,95.0,99.0,POSITIVE_CONTINUOUS,NONE
2024-12-25 00:13:48,2024-12-25 09:06:35,2024-12-25,ENHANCED_CONFIRMED_FINAL,4860.0,21780.0,5220.0,120.0,0.0,12.0,9.0,17.0,False,0.0,15.260000228881836,43.0,,,,87.0,84.0,100.0,79.0,79.0,71.0,75.0,100.0,100.0,100.0,86.0,97.0,POSITIVE_LONG_AND_CONTINUOUS,NONE
2024-12-25 23:12:42,2024-12-26 08:00:42,2024-12-26,ENHANCED_CONFIRMED_FINAL,5040.0,20160.0,6360.0,120.0,0.0,12.0,9.0,16.0,False,0.0,18.950000762939453,36.0,,,,86.0,83.0,100.0,72.0,80.0,78.0,80.0,100.0,100.0,100.0,95.0,99.0,POSITIVE_LONG_AND_CONTINUOUS,POSITIVE_EXERCISE
2024-12-26 22:58:34,2024-12-27 07:02:34,2024-12-27,ENHANCED_CONFIRMED_FINAL,2820.0,20280.0,5160.0,780.0,0.0,13.0,10.0,16.0,False,0.0,20.739999771118164,36.0,,,,81.0,78.0,96.0,69.0,68.0,75.0,70.0,100.0,89.0,94.0,89.0,94.0,POSITIVE_LONG_AND_CONTINUOUS,NONE
2024-12-28 02:01:51,2024-12-28 06:10:51,2024-12-28,ENHANCED_CONFIRMED_FINAL,3300.0,9600.0,600.0,1440.0,0.0,13.0,9.0,17.0,False,1.0,24.899999618530273,15.0,"[{'napTimeSec': 7800, 'napStartTimestampGMT': '2024-12-28T07:11:52.0', 'napEndTimestampGMT': '2024-12-28T09:21:52.0', 'calendarDate': '2024-12-28'}]",,,45.0,69.0,33.0,60.0,100.0,24.0,71.0,87.0,76.0,81.0,95.0,84.0,NEGATIVE_SHORT_AND_NONRECOVERING,NEGATIVE_LATE_BED_TIME
2024-12-29 04:39:09,2024-12-29 08:40:08,2024-12-29,ENHANCED_CONFIRMED_FINAL,2640.0,10320.0,,1500.0,0.0,12.0,9.0,15.0,False,2.0,33.56999969482422,22.0,,,,36.0,55.0,27.0,39.0,100.0,0.0,60.0,74.0,75.0,74.0,75.0,75.0,NEGATIVE_SHORT_AND_POOR_QUALITY,NEGATIVE_STRESSFUL_DAY
2024-12-30 01:01:26,2024-12-30 08:56:21,2024-12-30,ENHANCED_CONFIRMED_FINAL,2580.0,18360.0,7380.0,180.0,0.0,12.0,8.0,16.0,False,0.0,17.059999465942383,37.0,,,,86.0,85.0,97.0,76.0,66.0,100.0,79.0,100.0,100.0,100.0,88.0,97.0,POSITIVE_LONG_AND_REFRESHING,NONE
2024-12-30 22:54:01,2024-12-31 05:55:21,2024-12-31,ENHANCED_CONFIRMED_FINAL,2760.0,17760.0,3960.0,840.0,0.0,12.0,8.0,15.0,False,1.0,20.59000015258789,36.0,,,,74.0,75.0,75.0,69.0,71.0,70.0,69.0,87.0,88.0,87.0,82.0,86.0,POSITIVE_CONTINUOUS,NONE
,,,,,,,,,,,,False,,,,,,,,,,,,,,,,,,,,
2025-01-02 00:20:26,2025-01-02 08:35:25,2025-01-02,ENHANCED_CONFIRMED_FINAL,4020.0,18900.0,6660.0,120.0,0.0,12.0,9.0,15.0,False,0.0,17.6200008392334,38.0,,,,88.0,85.0,100.0,75.0,75.0,90.0,80.0,100.0,100.0,100.0,89.0,98.0,POSITIVE_LONG_AND_CONTINUOUS,POSITIVE_LATE_BED_TIME
2025-01-03 01:00:36,2025-01-03 08:00:36,2025-01-03,ENHANCED_CONFIRMED_FINAL,3540.0,16860.0,4140.0,660.0,0.0,11.0,9.0,15.0,False,1.0,19.8700008392334,32.0,,,,76.0,78.0,75.0,70.0,77.0,72.0,74.0,87.0,92.0,89.0,88.0,89.0,POSITIVE_CONTINUOUS,POSITIVE_EXERCISE
2025-01-04 02:59:56,2025-01-04 10:18:56,2025-01-04,ENHANCED_CONFIRMED_FINAL,3660.0,15900.0,2940.0,3840.0,0.0,11.0,8.0,15.0,False,4.0,32.33000183105469,28.0,"[{'napTimeSec': 2040, 'napStartTimestampGMT': '2025-01-04T14:48:21.0', 'napEndTimestampGMT': '2025-01-04T15:22:21.0', 'calendarDate': '2025-01-04'}]",,,55.0,53.0,68.0,42.0,81.0,64.0,72.0,32.0,36.0,34.0,90.0,43.0,NEGATIVE_NOT_RESTORATIVE,NEGATIVE_LATE_BED_TIME
2025-01-05 01:42:21,2025-01-05 08:45:10,2025-01-05,ENHANCED_CONFIRMED_FINAL,3540.0,15360.0,6360.0,120.0,0.0,11.0,8.0,16.0,False,0.0,20.520000457763672,26.0,,,,79.0,86.0,78.0,69.0,76.0,100.0,86.0,100.0,100.0,100.0,98.0,100.0,POSITIVE_REFRESHING,POSITIVE_LATE_BED_TIME
2025-01-05 23:35:45,2025-01-06 08:24:45,2025-01-06,ENHANCED_CONFIRMED_FINAL,3480.0,21240.0,4140.0,2880.0,0.0,13.0,8.0,16.0,False,3.0,30.149999618530273,38.0,,,,67.0,60.0,100.0,48.0,72.0,67.0,68.0,61.0,52.0,56.0,88.0,62.0,NEGATIVE_LONG_BUT_NOT_RESTORATIVE,NONE
2025-01-06 21:29:26,2025-01-07 05:15:26,2025-01-07,ENHANCED_CONFIRMED_FINAL,1920.0,21420.0,4080.0,540.0,0.0,13.0,9.0,17.0,False,1.0,19.790000915527344,40.0,,,,78.0,75.0,90.0,70.0,62.0,68.0,62.0,87.0,95.0,91.0,82.0,89.0,POSITIVE_LONG_AND_CONTINUOUS,NONE
2025-01-08 00:55:49,2025-01-08 06:55:49,2025-01-08,ENHANCED_CONFIRMED_FINAL,6360.0,13020.0,720.0,1500.0,0.0,13.0,9.0,15.0,False,1.0,31.3700008392334,27.0,,,,54.0,63.0,60.0,45.0,100.0,20.0,79.0,87.0,75.0,81.0,87.0,83.0,NEGATIVE_NOT_ENOUGH_REM,NONE
2025-01-08 21:57:47,2025-01-09 06:00:47,2025-01-09,ENHANCED_CONFIRMED_FINAL,3540.0,19200.0,6240.0,0.0,0.0,11.0,8.0,15.0,False,0.0,20.350000381469727,29.0,,,,84.0,82.0,100.0,69.0,72.0,84.0,77.0,100.0,100.0,100.0,99.0,100.0,POSITIVE_LONG_AND_CONTINUOUS,NONE
2025-01-09 21:21:31,2025-01-10 06:30:31,2025-01-10,ENHANCED_CONFIRMED_FINAL,5100.0,18960.0,7500.0,1380.0,0.0,12.0,8.0,16.0,False,1.0,23.229999542236328,38.0,,,,82.0,79.0,100.0,64.0,81.0,98.0,87.0,87.0,77.0,82.0,92.0,84.0,POSITIVE_LONG_AND_REFRESHING,POSITIVE_EXERCISE
2025-01-10 22:20:18,2025-01-11 07:39:06,2025-01-11,ENHANCED_CONFIRMED_FINAL,4260.0,22380.0,6840.0,60.0,0.0,12.0,8.0,15.0,False,0.0,21.40999984741211,36.0,,,,83.0,81.0,100.0,67.0,73.0,79.0,76.0,100.0,100.0,100.0,96.0,99.0,POSITIVE_LONG_AND_CONTINUOUS,NONE
2025-01-12 00:35:06,2025-01-12 08:11:43,2025-01-12,ENHANCED_CONFIRMED_FINAL,3480.0,19680.0,4080.0,180.0,0.0,11.0,8.0,15.0,False,0.0,28.84000015258789,29.0,,,,72.0,74.0,89.0,51.0,74.0,68.0,70.0,100.0,100.0,100.0,97.0,99.0,NEGATIVE_LONG_BUT_NOT_RESTORATIVE,NEGATIVE_STRENUOUS_EXERCISE
2025-01-12 22:32:43,2025-01-13 06:00:43,2025-01-13,ENHANCED_CONFIRMED_FINAL,5100.0,16500.0,5220.0,60.0,0.0,12.0,8.0,15.0,False,0.0,20.270000457763672,28.0,,,,86.0,85.0,99.0,69.0,95.0,77.0,85.0,100.0,100.0,100.0,97.0,99.0,POSITIVE_LONG_AND_CONTINUOUS,NONE
2025-01-13 23:46:26,2025-01-14 06:35:26,2025-01-14,ENHANCED_CONFIRMED_FINAL,5100.0,15300.0,4020.0,120.0,0.0,11.0,6.0,15.0,False,0.0,29.329999923706055,31.0,,,,70.0,78.0,75.0,50.0,100.0,71.0,82.0,100.0,100.0,100.0,89.0,98.0,NEGATIVE_NOT_RESTORATIVE,NONE
2025-01-14 21:43:20,2025-01-15 06:00:20,2025-01-15,ENHANCED_CONFIRMED_FINAL,6600.0,18000.0,4920.0,300.0,0.0,11.0,6.0,16.0,False,0.0,22.510000228881836,38.0,,,,83.0,83.0,100.0,65.0,100.0,71.0,85.0,100.0,100.0,100.0,89.0,98.0,POSITIVE_LONG_AND_DEEP,NONE
2025-01-15 21:06:51,2025-01-16 06:04:41,2025-01-16,ENHANCED_CONFIRMED_FINAL,3600.0,23640.0,4680.0,360.0,0.0,11.0,8.0,15.0,False,0.0,20.1299991607666,43.0,,,,82.0,79.0,100.0,70.0,71.0,67.0,67.0,100.0,99.0,99.0,87.0,97.0,POSITIVE_LONG_AND_CONTINUOUS,POSITIVE_EXERCISE
2025-01-16 23:47:41,2025-01-17 06:32:04,2025-01-17,ENHANCED_CONFIRMED_FINAL,6600.0,13140.0,4440.0,120.0,0.0,11.0,7.0,15.0,False,0.0,22.81999969482422,30.0,,,,76.0,83.0,74.0,64.0,100.0,75.0,98.0,100.0,100.0,100.0,90.0,98.0,POSITIVE_DEEP,NONE
2025-01-17 23:53:53,2025-01-18 08:04:53,2025-01-18,ENHANCED_CONFIRMED_FINAL,3360.0,21300.0,4500.0,300.0,0.0,12.0,8.0,16.0,False,0.0,29.729999542236328,30.0,,,,72.0,73.0,100.0,49.0,71.0,69.0,69.0,100.0,100.0,100.0,98.0,100.0,NEGATIVE_LONG_BUT_NOT_RESTORATIVE,NONE
2025-01-19 00:23:12,2025-01-19 08:23:01,2025-01-19,ENHANCED_CONFIRMED_FINAL,4380.0,18120.0,6000.0,300.0,0.0,11.0,8.0,14.0,False,0.0,17.510000228881836,30.0,,,,87.0,85.0,98.0,75.0,79.0,80.0,81.0,100.0,100.0,100.0,97.0,99.0,POSITIVE_LONG_AND_CONTINUOUS,NONE
2025-01-19 21:11:05,2025-01-20 05:21:05,2025-01-20,ENHANCED_CONFIRMED_FINAL,3660.0,21600.0,3840.0,300.0,0.0,12.0,8.0,17.0,False,0.0,22.399999618530273,36.0,,,,79.0,77.0,100.0,65.0,73.0,64.0,67.0,100.0,100.0,100.0,90.0,98.0,POSITIVE_LONG_AND_CONTINUOUS,NONE
2025-01-20 21:54:35,2025-01-21 06:02:35,2025-01-21,ENHANCED_CONFIRMED_FINAL,6780.0,15960.0,6180.0,360.0,0.0,12.0,9.0,15.0,False,0.0,21.829999923706055,26.0,,,,85.0,86.0,100.0,66.0,100.0,82.0,96.0,100.0,99.0,99.0,100.0,100.0,POSITIVE_LONG_AND_DEEP,POSITIVE_RESTFUL_DAY
2025-01-21 21:52:44,2025-01-22 05:55:44,2025-01-22,ENHANCED_CONFIRMED_FINAL,3780.0,17100.0,8100.0,0.0,0.0,11.0,8.0,16.0,False,0.0,19.059999465942383,27.0,,,,87.0,86.0,100.0,72.0,74.0,100.0,89.0,100.0,100.0,100.0,100.0,100.0,POSITIVE_LONG_AND_REFRESHING,POSITIVE_EXERCISE
2025-01-22 22:27:24,2025-01-23 05:55:24,2025-01-23,ENHANCED_CONFIRMED_FINAL,6120.0,15180.0,5160.0,420.0,0.0,12.0,8.0,15.0,False,0.0,22.709999084472656,31.0,,,,80.0,84.0,84.0,65.0,100.0,77.0,92.0,100.0,97.0,98.0,93.0,98.0,POSITIVE_LONG_AND_DEEP,NONE
2025-01-24 00:00:19,2025-01-24 06:00:17,2025-01-24,ENHANCED_CONFIRMED_FINAL,5400.0,12180.0,4020.0,0.0,0.0,12.0,8.0,16.0,False,0.0,16.649999618530273,15.0,,,,76.0,88.0,68.0,77.0,100.0,75.0,94.0,100.0,100.0,100.0,100.0,100.0,POSITIVE_DEEP,NONE
2025-01-25 00:42:56,2025-01-25 08:39:21,2025-01-25,ENHANCED_CONFIRMED_FINAL,7020.0,16920.0,3900.0,780.0,0.0,11.0,7.0,15.0,False,1.0,21.040000915527344,28.0,"[{'napTimeSec': 3840, 'napStartTimestampGMT': '2025-01-25T15:51:21.0', 'napEndTimestampGMT': '2025-01-25T16:55:21.0', 'calendarDate': '2025-01-25'}]",,,81.0,80.0,93.0,68.0,100.0,66.0,86.0,87.0,89.0,88.0,99.0,90.0,POSITIVE_LONG_AND_DEEP,POSITIVE_LATE_BED_TIME
2025-01-25 23:47:21,2025-01-26 06:05:11,2025-01-26,ENHANCED_CONFIRMED_FINAL,3840.0,15000.0,3360.0,480.0,0.0,12.0,9.0,15.0,False,0.0,15.359999656677246,34.0,,,,74.0,84.0,67.0,79.0,87.0,68.0,76.0,100.0,96.0,98.0,80.0,94.0,POSITIVE_CONTINUOUS,POSITIVE_RESTFUL_DAY
2025-01-26 22:34:11,2025-01-27 06:15:11,2025-01-27,ENHANCED_CONFIRMED_FINAL,4980.0,15720.0,3540.0,3420.0,0.0,13.0,8.0,15.0,False,2.0,28.690000534057617,26.0,,,,69.0,67.0,89.0,51.0,100.0,67.0,79.0,74.0,43.0,58.0,96.0,66.0,NEGATIVE_LONG_BUT_NOT_RESTORATIVE,NEGATIVE_STRENUOUS_EXERCISE
2025-01-27 21:51:37,2025-01-28 05:55:10,2025-01-28,ENHANCED_CONFIRMED_FINAL,4680.0,18900.0,4860.0,600.0,0.0,12.0,8.0,16.0,False,0.0,18.6200008392334,34.0,,,,85.0,82.0,98.0,73.0,82.0,72.0,77.0,100.0,93.0,96.0,92.0,96.0,POSITIVE_LONG_AND_CONTINUOUS,NONE
2025-01-28 21:48:33,2025-01-29 05:50:33,2025-01-29,ENHANCED_CONFIRMED_FINAL,5280.0,16020.0,7140.0,480.0,0.0,12.0,8.0,16.0,False,0.0,18.030000686645508,26.0,,,,91.0,90.0,100.0,74.0,93.0,100.0,94.0,100.0,96.0,98.0,100.0,99.0,POSITIVE_OPTIMAL_STRUCTURE,NONE
2025-01-29 22:55:12,2025-01-30 05:57:12,2025-01-30,ENHANCED_CONFIRMED_FINAL,5220.0,15240.0,4860.0,0.0,0.0,12.0,9.0,15.0,False,0.0,16.719999313354492,30.0,,,,82.0,88.0,78.0,77.0,100.0,76.0,87.0,100.0,100.0,100.0,94.0,99.0,POSITIVE_DEEP,POSITIVE_RESTFUL_DAY
2025-01-30 23:19:26,2025-01-31 07:01:43,2025-01-31,ENHANCED_CONFIRMED_FINAL,4260.0,17940.0,5400.0,180.0,0.0,12.0,8.0,15.0,False,0.0,17.59000015258789,20.0,"[{'napTimeSec': 1740, 'napStartTimestampGMT': '2025-01-31T14:07:43.0', 'napEndTimestampGMT': '2025-01-31T14:36:43.0', 'calendarDate': '2025-01-31'}]",,,85.0,84.0,92.0,75.0,79.0,77.0,79.0,100.0,100.0,100.0,100.0,100.0,POSITIVE_LONG_AND_CONTINUOUS,POSITIVE_EXERCISE
2025-02-01 00:26:22,2025-02-01 08:16:22,2025-02-01,ENHANCED_CONFIRMED_FINAL,3780.0,18780.0,5160.0,480.0,0.0,12.0,8.0,15.0,False,0.0,16.90999984741211,20.0,,,,85.0,83.0,93.0,76.0,75.0,75.0,75.0,100.0,96.0,98.0,100.0,99.0,POSITIVE_LONG_AND_CALM,NONE
2025-02-02 02:32:00,2025-02-02 09:51:00,2025-02-02,ENHANCED_CONFIRMED_FINAL,4560.0,17280.0,3600.0,900.0,0.0,12.0,9.0,17.0,False,1.0,28.899999618530273,29.0,,,,71.0,73.0,84.0,51.0,90.0,66.0,75.0,87.0,87.0,87.0,95.0,89.0,NEGATIVE_LONG_BUT_NOT_RESTORATIVE,NONE
2025-02-02 21:59:43,2025-02-03 06:00:43,2025-02-03,ENHANCED_CONFIRMED_FINAL,5580.0,18000.0,4680.0,600.0,0.0,11.0,8.0,15.0,False,1.0,19.290000915527344,35.0,,,,84.0,82.0,96.0,71.0,99.0,71.0,81.0,87.0,93.0,90.0,90.0,90.0,POSITIVE_LONG_AND_DEEP,NONE
2025-02-03 22:04:39,2025-02-04 06:00:39,2025-02-04,ENHANCED_CONFIRMED_FINAL,2940.0,20640.0,4800.0,180.0,0.0,11.0,8.0,15.0,False,0.0,19.200000762939453,40.0,,,,82.0,80.0,97.0,72.0,69.0,72.0,69.0,100.0,100.0,100.0,86.0,97.0,POSITIVE_LONG_AND_CONTINUOUS,POSITIVE_RESTFUL_DAY
2025-02-04 22:37:16,2025-02-05 06:14:16,2025-02-05,ENHANCED_CONFIRMED_FINAL,5280.0,18900.0,2280.0,960.0,0.0,12.0,9.0,15.0,False,1.0,17.690000534057617,30.0,,,,75.0,79.0,84.0,75.0,100.0,47.0,71.0,87.0,85.0,86.0,94.0,88.0,NEGATIVE_LONG_BUT_NOT_ENOUGH_REM,NONE
2025-02-05 22:36:05,2025-02-06 05:52:05,2025-02-06,ENHANCED_CONFIRMED_FINAL,4860.0,16440.0,4740.0,120.0,0.0,12.0,8.0,16.0,False,0.0,14.470000267028809,29.0,,,,84.0,88.0,81.0,82.0,93.0,74.0,82.0,100.0,100.0,100.0,95.0,99.0,POSITIVE_LONG_AND_CONTINUOUS,POSITIVE_RESTFUL_DAY
2025-02-06 23:33:49,2025-02-07 06:37:49,2025-02-07,ENHANCED_CONFIRMED_FINAL,5880.0,15960.0,3000.0,600.0,0.0,11.0,8.0,14.0,False,0.0,25.739999771118164,21.0,,,,73.0,79.0,78.0,58.0,100.0,62.0,79.0,100.0,93.0,96.0,100.0,98.0,NEGATIVE_NOT_RESTORATIVE,NONE
2025-02-08 00:09:05,2025-02-08 08:10:17,2025-02-08,ENHANCED_CONFIRMED_FINAL,2880.0,19920.0,5760.0,360.0,0.0,11.0,8.0,16.0,False,1.0,17.600000381469727,35.0,,,,84.0,80.0,98.0,75.0,68.0,78.0,73.0,87.0,99.0,93.0,91.0,92.0,POSITIVE_LONG_AND_CONTINUOUS,NONE
2025-02-09 01:15:10,2025-02-09 08:58:10,2025-02-09,ENHANCED_CONFIRMED_FINAL,3120.0,19200.0,720.0,4140.0,600.0,11.0,8.0,16.0,False,3.0,30.450000762939453,28.0,,,,52.0,49.0,70.0,47.0,75.0,17.0,40.0,61.0,31.0,46.0,93.0,55.0,NEGATIVE_NOT_RESTORATIVE,NEGATIVE_LATE_BED_TIME
2025-02-09 22:30:23,2025-02-10 06:00:12,2025-02-10,ENHANCED_CONFIRMED_FINAL,4740.0,18420.0,3000.0,840.0,0.0,12.0,9.0,14.0,False,1.0,19.799999237060547,32.0,,,,77.0,78.0,82.0,70.0,91.0,61.0,72.0,87.0,88.0,87.0,91.0,88.0,POSITIVE_LONG_AND_DEEP,POSITIVE_RESTFUL_EVENING
2025-02-10 22:31:59,2025-02-11 06:00:23,2025-02-11,ENHANCED_CONFIRMED_FINAL,4200.0,17400.0,5280.0,60.0,0.0,10.0,8.0,15.0,False,0.0,19.079999923706055,30.0,,,,82.0,83.0,87.0,72.0,79.0,77.0,79.0,100.0,100.0,100.0,95.0,99.0,POSITIVE_LONG_AND_CONTINUOUS,NONE
2025-02-11 22:35:37,2025-02-12 05:39:37,2025-02-12,ENHANCED_CONFIRMED_FINAL,4920.0,16740.0,2160.0,1620.0,0.0,10.0,8.0,15.0,False,1.0,24.600000381469727,37.0,,,,71.0,74.0,73.0,61.0,100.0,61.0,75.0,87.0,73.0,80.0,79.0,80.0,POSITIVE_DEEP,POSITIVE_RESTFUL_EVENING
2025-02-12 23:00:50,2025-02-13 06:40:50,2025-02-13,ENHANCED_CONFIRMED_FINAL,4380.0,16920.0,5400.0,900.0,0.0,10.0,8.0,14.0,False,2.0,19.469999313354492,29.0,,,,80.0,78.0,85.0,71.0,82.0,78.0,81.0,74.0,87.0,80.0,96.0,82.0,POSITIVE_LONG_AND_CALM,NONE
2025-02-13 22:49:07,2025-02-14 06:26:07,2025-02-14,ENHANCED_CONFIRMED_FINAL,5700.0,16860.0,4560.0,300.0,0.0,12.0,8.0,16.0,False,0.0,21.799999237060547,29.0,,,,82.0,84.0,90.0,66.0,100.0,71.0,83.0,100.0,100.0,100.0,95.0,99.0,POSITIVE_LONG_AND_DEEP,NONE
2025-02-15 00:16:26,2025-02-15 08:37:26,2025-02-15,ENHANCED_CONFIRMED_FINAL,3360.0,22260.0,4140.0,300.0,0.0,12.0,8.0,16.0,False,0.0,21.190000534057617,26.0,,,,81.0,79.0,100.0,68.0,71.0,66.0,67.0,100.0,100.0,100.0,100.0,100.0,POSITIVE_LONG_AND_CONTINUOUS,POSITIVE_LATE_BED_TIME
2025-02-16 03:24:32,2025-02-16 09:31:32,2025-02-16,ENHANCED_CONFIRMED_FINAL,4860.0,16560.0,,600.0,0.0,11.0,8.0,15.0,False,0.0,31.719999313354492,28.0,,,,51.0,63.0,64.0,44.0,100.0,0.0,63.0,100.0,93.0,96.0,90.0,95.0,NEGATIVE_NOT_ENOUGH_REM,NONE
2025-02-17 00:04:11,2025-02-17 06:31:11,2025-02-17,ENHANCED_CONFIRMED_FINAL,6420.0,13320.0,2700.0,780.0,0.0,12.0,9.0,15.0,False,1.0,19.09000015258789,21.0,,,,73.0,81.0,68.0,72.0,100.0,62.0,88.0,87.0,89.0,88.0,100.0,90.0,POSITIVE_DEEP,NONE
,,,,,,,,,,,,False,,,,,,,,,,,,,,,,,,,,
2025-02-18 22:17:44,2025-02-19 06:01:44,2025-02-19,ENHANCED_CONFIRMED_FINAL,4260.0,15960.0,7620.0,0.0,0.0,12.0,8.0,18.0,False,0.0,19.3799991607666,30.0,,,,86.0,87.0,93.0,71.0,79.0,100.0,92.0,100.0,100.0,100.0,96.0,99.0,POSITIVE_LONG_AND_REFRESHING,POSITIVE_RESTFUL_DAY
2025-02-19 22:10:28,2025-02-20 05:55:20,2025-02-20,ENHANCED_CONFIRMED_FINAL,3960.0,20700.0,3000.0,240.0,0.0,13.0,7.0,21.0,False,0.0,19.93000030517578,37.0,,,,79.0,78.0,92.0,70.0,77.0,59.0,66.0,100.0,100.0,100.0,87.0,97.0,NEGATIVE_LONG_BUT_NOT_ENOUGH_REM,NONE
2025-02-20 23:56:58,2025-02-21 07:03:58,2025-02-21,ENHANCED_CONFIRMED_FINAL,5580.0,16560.0,2940.0,540.0,0.0,14.0,9.0,20.0,False,1.0,20.81999969482422,18.0,,,,76.0,80.0,77.0,68.0,100.0,61.0,77.0,87.0,95.0,91.0,100.0,92.0,POSITIVE_DEEP,POSITIVE_LATE_BED_TIME
2025-02-22 01:53:25,2025-02-22 08:42:25,2025-02-22,ENHANCED_CONFIRMED_FINAL,4200.0,14340.0,5280.0,720.0,0.0,14.0,9.0,22.0,False,1.0,17.860000610351562,9.0,,,,80.0,86.0,75.0,74.0,86.0,99.0,89.0,87.0,91.0,89.0,100.0,91.0,POSITIVE_CALM,POSITIVE_RESTFUL_EVENING
2025-02-23 02:09:27,2025-02-23 10:05:27,2025-02-23,ENHANCED_CONFIRMED_FINAL,5460.0,19500.0,3120.0,480.0,0.0,14.0,8.0,21.0,False,0.0,20.8700008392334,37.0,,,,81.0,81.0,95.0,68.0,97.0,60.0,73.0,100.0,96.0,98.0,88.0,96.0,POSITIVE_LONG_AND_CONTINUOUS,NONE
2025-02-23 23:39:25,2025-02-24 06:15:25,2025-02-24,ENHANCED_CONFIRMED_FINAL,3840.0,15420.0,4380.0,120.0,0.0,12.0,7.0,19.0,False,0.0,16.360000610351562,32.0,,,,77.0,84.0,72.0,77.0,81.0,75.0,78.0,100.0,100.0,100.0,86.0,97.0,POSITIVE_CONTINUOUS,NONE
2025-02-24 22:10:00,2025-02-25 06:00:00,2025-02-25,ENHANCED_CONFIRMED_FINAL,7200.0,15900.0,4800.0,300.0,0.0,13.0,7.0,21.0,False,0.0,17.950000762939453,25.0,,,,86.0,87.0,94.0,74.0,100.0,72.0,93.0,100.0,100.0,100.0,100.0,100.0,POSITIVE_LONG_AND_DEEP,NONE
2025-02-25 22:06:25,2025-02-26 05:55:25,2025-02-26,ENHANCED_CONFIRMED_FINAL,4020.0,18780.0,5340.0,0.0,0.0,13.0,8.0,23.0,False,0.0,16.200000762939453,29.0,,,,86.0,85.0,95.0,78.0,77.0,76.0,77.0,100.0,100.0,100.0,98.0,100.0,POSITIVE_LONG_AND_CONTINUOUS,POSITIVE_RESTFUL_DAY
2025-02-26 21:47:49,2025-02-27 06:04:20,2025-02-27,ENHANCED_CONFIRMED_FINAL,4440.0,18000.0,7260.0,120.0,0.0,13.0,8.0,20.0,False,0.0,18.229999542236328,32.0,,,,89.0,87.0,100.0,74.0,78.0,100.0,86.0,100.0,100.0,100.0,96.0,99.0,POSITIVE_LONG_AND_REFRESHING,POSITIVE_RESTFUL_DAY
2025-02-27 22:51:20,2025-02-28 06:45:20,2025-02-28,ENHANCED_CONFIRMED_FINAL,5700.0,15600.0,6720.0,420.0,0.0,12.0,7.0,19.0,False,0.0,18.350000381469727,32.0,"[{'napTimeSec': 1800, 'napStartTimestampGMT': '2025-02-28T13:56:38.0', 'napEndTimestampGMT': '2025-02-28T14:26:38.0', 'calendarDate': '2025-02-28'}]",,,89.0,90.0,95.0,73.0,100.0,100.0,95.0,100.0,97.0,98.0,95.0,98.0,POSITIVE_LONG_AND_DEEP,NONE
2025-02-28 23:39:37,2025-03-01 06:54:37,2025-03-01,ENHANCED_CONFIRMED_FINAL,4860.0,16980.0,3780.0,480.0,0.0,12.0,6.0,18.0,False,0.0,17.40999984741211,29.0,,,,83.0,85.0,86.0,75.0,95.0,68.0,77.0,100.0,96.0,98.0,94.0,97.0,POSITIVE_LONG_AND_CONTINUOUS,NONE
,,,,,,,,,,,,False,,,,,,,,,,,,,,,,,,,,
2025-03-02 21:59:48,2025-03-03 06:00:48,2025-03-03,ENHANCED_CONFIRMED_FINAL,5760.0,16560.0,6300.0,240.0,0.0,13.0,6.0,21.0,False,0.0,13.109999656677246,34.0,,,,95.0,93.0,99.0,88.0,100.0,87.0,91.0,100.0,100.0,100.0,92.0,98.0,POSITIVE_OPTIMAL_STRUCTURE,POSITIVE_RESTFUL_EVENING
2025-03-03 22:45:11,2025-03-04 05:56:11,2025-03-04,ENHANCED_CONFIRMED_FINAL,4680.0,16980.0,3660.0,540.0,0.0,13.0,7.0,19.0,False,0.0,21.90999984741211,23.0,,,,77.0,81.0,78.0,66.0,92.0,67.0,76.0,100.0,95.0,97.0,100.0,98.0,POSITIVE_CALM,NONE
2025-03-04 22:27:15,2025-03-05 06:01:13,2025-03-05,ENHANCED_CONFIRMED_FINAL,4980.0,16020.0,6120.0,120.0,0.0,13.0,8.0,20.0,False,0.0,12.449999809265137,34.0,,,,91.0,93.0,88.0,90.0,92.0,90.0,89.0,100.0,100.0,100.0,90.0,98.0,POSITIVE_OPTIMAL_STRUCTURE,NONE
2025-03-05 23:30:13,2025-03-06 06:30:13,2025-03-06,ENHANCED_CONFIRMED_FINAL,5400.0,16500.0,3120.0,180.0,0.0,13.0,9.0,22.0,False,0.0,22.0,18.0,,,,76.0,83.0,77.0,66.0,100.0,63.0,78.0,100.0,100.0,100.0,100.0,100.0,POSITIVE_DEEP,POSITIVE_LATE_BED_TIME
2025-03-06 22:35:02,2025-03-07 06:50:34,2025-03-07,ENHANCED_CONFIRMED_FINAL,4200.0,19920.0,4260.0,1380.0,0.0,13.0,8.0,20.0,False,2.0,21.799999237060547,37.0,,,,78.0,72.0,97.0,66.0,78.0,68.0,72.0,74.0,77.0,75.0,88.0,78.0,POSITIVE_LONG_AND_CALM,NONE
2025-03-08 01:59:46,2025-03-08 09:04:46,2025-03-08,ENHANCED_CONFIRMED_FINAL,6180.0,15060.0,3840.0,420.0,0.0,13.0,9.0,20.0,False,0.0,18.8799991607666,24.0,,,,79.0,85.0,77.0,72.0,100.0,69.0,87.0,100.0,97.0,98.0,100.0,99.0,POSITIVE_DEEP,NONE
2025-03-09 02:10:46,2025-03-09 09:45:46,2025-03-09,ENHANCED_CONFIRMED_FINAL,4860.0,14160.0,8280.0,0.0,0.0,13.0,8.0,22.0,False,0.0,16.670000076293945,27.0,,,,87.0,88.0,90.0,77.0,89.0,84.0,100.0,100.0,100.0,100.0,99.0,100.0,POSITIVE_LONG_AND_CONTINUOUS,NONE
2025-03-10 00:36:24,2025-03-10 08:57:24,2025-03-10,ENHANCED_CONFIRMED_FINAL,3720.0,18840.0,7260.0,240.0,0.0,13.0,7.0,21.0,False,0.0,15.270000457763672,35.0,,,,90.0,88.0,100.0,79.0,73.0,100.0,81.0,100.0,100.0,100.0,93.0,99.0,POSITIVE_OPTIMAL_STRUCTURE,POSITIVE_LATE_BED_TIME
2025-03-11 01:04:18,2025-03-11 09:03:18,2025-03-11,ENHANCED_CONFIRMED_FINAL,4980.0,19080.0,2520.0,2160.0,0.0,15.0,8.0,22.0,False,3.0,25.440000534057617,31.0,,,,69.0,66.0,85.0,59.0,94.0,52.0,70.0,61.0,64.0,62.0,93.0,67.0,NEGATIVE_LONG_BUT_NOT_ENOUGH_REM,NONE
2025-03-12 01:18:22,2025-03-12 09:00:22,2025-03-12,ENHANCED_CONFIRMED_FINAL,3120.0,18960.0,5160.0,480.0,0.0,12.0,8.0,19.0,False,0.0,19.5,28.0,,,,81.0,81.0,89.0,71.0,71.0,76.0,73.0,100.0,96.0,98.0,98.0,98.0,POSITIVE_LONG_AND_CONTINUOUS,NONE
2025-03-12 23:35:46,2025-03-13 06:16:46,2025-03-13,ENHANCED_CONFIRMED_FINAL,4140.0,16200.0,3360.0,360.0,0.0,14.0,10.0,21.0,False,0.0,17.690000534057617,21.0,,,,76.0,84.0,72.0,75.0,87.0,66.0,75.0,100.0,99.0,99.0,100.0,100.0,POSITIVE_CONTINUOUS,NONE
2025-03-13 23:07:46,2025-03-14 06:55:46,2025-03-14,ENHANCED_CONFIRMED_FINAL,4080.0,20280.0,3540.0,180.0,0.0,13.0,8.0,20.0,False,0.0,15.329999923706055,32.0,,,,83.0,83.0,94.0,79.0,77.0,63.0,69.0,100.0,100.0,100.0,94.0,99.0,POSITIVE_LONG_AND_CONTINUOUS,POSITIVE_RESTFUL_DAY
2025-03-15 00:38:18,2025-03-15 10:41:34,2025-03-15,ENHANCED_CONFIRMED_FINAL,5340.0,22560.0,8220.0,120.0,0.0,13.0,8.0,23.0,False,0.0,18.81999969482422,29.0,,,,87.0,86.0,100.0,72.0,78.0,92.0,83.0,100.0,100.0,100.0,100.0,100.0,POSITIVE_LONG_AND_CONTINUOUS,POSITIVE_LATE_BED_TIME
2025-03-16 00:45:34,2025-03-16 08:00:34,2025-03-16,ENHANCED_CONFIRMED_FINAL,2340.0,19980.0,3420.0,360.0,0.0,12.0,6.0,19.0,False,0.0,17.309999465942383,29.0,,,,77.0,80.0,79.0,75.0,66.0,65.0,63.0,100.0,99.0,99.0,94.0,98.0,POSITIVE_CONTINUOUS,NONE
2025-03-16 22:27:48,2025-03-17 06:00:48,2025-03-17,ENHANCED_CONFIRMED_FINAL,5580.0,17400.0,3660.0,540.0,0.0,15.0,7.0,22.0,False,1.0,23.149999618530273,21.0,,,,80.0,80.0,93.0,64.0,100.0,65.0,78.0,87.0,95.0,91.0,100.0,92.0,POSITIVE_LONG_AND_DEEP,NONE
2025-03-17 22:06:36,2025-03-18 05:02:12,2025-03-18,ENHANCED_CONFIRMED_FINAL,4920.0,14580.0,5280.0,180.0,0.0,13.0,7.0,21.0,False,0.0,18.34000015258789,26.0,,,,80.0,88.0,76.0,73.0,99.0,82.0,89.0,100.0,100.0,100.0,97.0,99.0,POSITIVE_CONTINUOUS,NONE
2025-03-18 21:31:39,2025-03-19 06:29:39,2025-03-19,ENHANCED_CONFIRMED_FINAL,4020.0,20760.0,6120.0,1380.0,0.0,14.0,7.0,21.0,False,1.0,22.549999237060547,31.0,,,,80.0,75.0,100.0,65.0,74.0,78.0,76.0,87.0,77.0,82.0,99.0,85.0,POSITIVE_LONG_AND_CALM,POSITIVE_EXERCISE
2025-03-19 23:25:21,2025-03-20 06:23:03,2025-03-20,ENHANCED_CONFIRMED_FINAL,6480.0,12840.0,5640.0,120.0,0.0,12.0,6.0,22.0,False,0.0,18.549999237060547,26.0,,,,82.0,90.0,77.0,73.0,100.0,91.0,100.0,100.0,100.0,100.0,98.0,100.0,POSITIVE_DEEP,NONE
2025-03-20 23:34:00,2025-03-21 06:26:00,2025-03-21,ENHANCED_CONFIRMED_FINAL,6600.0,12240.0,5760.0,120.0,0.0,14.0,7.0,21.0,False,0.0,24.770000457763672,18.0,,,,76.0,86.0,75.0,60.0,100.0,96.0,100.0,100.0,100.0,100.0,100.0,100.0,POSITIVE_DEEP,POSITIVE_LATE_BED_TIME
2025-03-21 22:59:02,2025-03-22 06:57:02,2025-03-22,ENHANCED_CONFIRMED_FINAL,3600.0,18660.0,6360.0,60.0,0.0,12.0,7.0,19.0,False,0.0,16.219999313354492,33.0,,,,88.0,86.0,99.0,78.0,73.0,88.0,79.0,100.0,100.0,100.0,93.0,99.0,POSITIVE_LONG_AND_CONTINUOUS,POSITIVE_RESTFUL_EVENING
2025-03-22 23:51:12,2025-03-23 06:55:12,2025-03-23,ENHANCED_CONFIRMED_FINAL,3540.0,16440.0,4620.0,60.0,780.0,13.0,8.0,21.0,False,0.0,22.420000076293945,21.0,"[{'napTimeSec': 720, 'napStartTimestampGMT': '2025-03-23T15:44:35.0', 'napEndTimestampGMT': '2025-03-23T15:56:35.0', 'calendarDate': '2025-03-23'}]",,,75.0,81.0,75.0,65.0,77.0,76.0,76.0,100.0,100.0,100.0,100.0,100.0,POSITIVE_CONTINUOUS,POSITIVE_LATE_BED_TIME
2025-03-23 21:29:35,2025-03-24 06:00:11,2025-03-24,ENHANCED_CONFIRMED_FINAL,5100.0,18360.0,7080.0,120.0,0.0,13.0,6.0,21.0,False,0.0,15.630000114440918,29.0,,,,91.0,90.0,100.0,79.0,84.0,95.0,87.0,100.0,100.0,100.0,100.0,100.0,POSITIVE_OPTIMAL_STRUCTURE,NONE
2025-03-24 22:36:06,2025-03-25 06:21:51,2025-03-25,ENHANCED_CONFIRMED_FINAL,3960.0,17220.0,6600.0,180.0,0.0,12.0,8.0,19.0,False,0.0,17.920000076293945,31.0,,,,87.0,87.0,93.0,74.0,77.0,98.0,84.0,100.0,100.0,100.0,95.0,99.0,POSITIVE_LONG_AND_CONTINUOUS,NONE
2025-03-25 21:38:26,2025-03-26 06:12:15,2025-03-26,ENHANCED_CONFIRMED_FINAL,5040.0,18180.0,7440.0,180.0,0.0,13.0,6.0,21.0,False,0.0,18.530000686645508,38.0,,,,89.0,87.0,100.0,73.0,82.0,100.0,89.0,100.0,100.0,100.0,90.0,98.0,POSITIVE_LONG_AND_REFRESHING,POSITIVE_EXERCISE
2025-03-26 22:13:55,2025-03-27 06:01:55,2025-03-27,ENHANCED_CONFIRMED_FINAL,4320.0,18120.0,5400.0,240.0,0.0,13.0,7.0,21.0,False,0.0,19.260000228881836,32.0,,,,84.0,83.0,93.0,71.0,79.0,77.0,79.0,100.0,100.0,100.0,94.0,99.0,POSITIVE_LONG_AND_CONTINUOUS,NONE
2025-03-27 23:06:43,2025-03-28 06:50:43,2025-03-28,ENHANCED_CONFIRMED_FINAL,4260.0,18240.0,5220.0,120.0,0.0,12.0,7.0,19.0,False,0.0,20.0,27.0,,,,85.0,83.0,100.0,70.0,79.0,76.0,78.0,100.0,100.0,100.0,100.0,100.0,POSITIVE_LONG_AND_CONTINUOUS,NONE
2025-03-28 22:29:10,2025-03-29 06:53:10,2025-03-29,ENHANCED_CONFIRMED_FINAL,4620.0,22080.0,2940.0,600.0,0.0,14.0,6.0,22.0,False,1.0,21.8700008392334,40.0,,,,77.0,74.0,100.0,66.0,79.0,54.0,67.0,87.0,93.0,90.0,88.0,89.0,NEGATIVE_LONG_BUT_NOT_ENOUGH_REM,NONE
2025-03-29 22:17:49,2025-03-30 05:15:19,2025-03-30,ENHANCED_CONFIRMED_FINAL,6420.0,14160.0,4380.0,120.0,0.0,12.0,6.0,19.0,False,0.0,20.59000015258789,30.0,,,,79.0,85.0,77.0,69.0,100.0,73.0,93.0,100.0,100.0,100.0,92.0,98.0,POSITIVE_DEEP,NONE
2025-03-30 21:31:24,2025-03-31 05:04:24,2025-03-31,ENHANCED_CONFIRMED_FINAL,5280.0,17940.0,3720.0,240.0,0.0,13.0,7.0,21.0,False,0.0,24.34000015258789,38.0,,,,77.0,80.0,87.0,61.0,98.0,66.0,77.0,100.0,100.0,100.0,84.0,96.0,POSITIVE_LONG_AND_CONTINUOUS,NONE
2025-03-31 21:06:56,2025-04-01 05:01:54,2025-04-01,ENHANCED_CONFIRMED_FINAL,3900.0,16440.0,8040.0,120.0,0.0,13.0,7.0,20.0,False,0.0,16.790000915527344,32.0,,,,88.0,87.0,97.0,76.0,75.0,98.0,91.0,100.0,100.0,100.0,94.0,99.0,POSITIVE_LONG_AND_CONTINUOUS,NONE
2025-04-01 21:26:15,2025-04-02 05:02:15,2025-04-02,ENHANCED_CONFIRMED_FINAL,5820.0,16680.0,4560.0,300.0,0.0,13.0,8.0,20.0,False,0.0,20.15999984741211,26.0,,,,83.0,85.0,88.0,70.0,100.0,72.0,84.0,100.0,100.0,100.0,100.0,100.0,POSITIVE_LONG_AND_DEEP,POSITIVE_EXERCISE
2025-04-02 21:37:23,2025-04-03 05:02:23,2025-04-03,ENHANCED_CONFIRMED_FINAL,4260.0,17820.0,4380.0,240.0,0.0,14.0,5.0,21.0,False,0.0,20.219999313354492,35.0,,,,80.0,81.0,84.0,70.0,81.0,71.0,76.0,100.0,100.0,100.0,87.0,97.0,POSITIVE_LONG_AND_CONTINUOUS,NONE
2025-04-03 21:49:36,2025-04-04 05:50:36,2025-04-04,ENHANCED_CONFIRMED_FINAL,6720.0,16680.0,5340.0,120.0,0.0,13.0,7.0,20.0,False,0.0,16.1200008392334,24.0,,,,90.0,89.0,100.0,78.0,100.0,75.0,91.0,100.0,100.0,100.0,100.0,100.0,POSITIVE_OPTIMAL_STRUCTURE,NONE
2025-04-04 23:09:42,2025-04-05 06:10:40,2025-04-05,ENHANCED_CONFIRMED_FINAL,4800.0,15360.0,5100.0,0.0,0.0,13.0,9.0,19.0,False,0.0,13.819999694824219,28.0,"[{'napTimeSec': 1620, 'napStartTimestampGMT': '2025-04-05T14:11:40.0', 'napEndTimestampGMT': '2025-04-05T14:38:40.0', 'calendarDate': '2025-04-05'}]",,,84.0,90.0,78.0,85.0,95.0,78.0,86.0,100.0,100.0,100.0,95.0,99.0,POSITIVE_CONTINUOUS,NONE
2025-04-05 22:37:40,2025-04-06 05:15:40,2025-04-06,ENHANCED_CONFIRMED_FINAL,4620.0,13500.0,5340.0,420.0,0.0,13.0,9.0,20.0,False,0.0,17.40999984741211,22.0,,,,79.0,90.0,71.0,75.0,98.0,92.0,92.0,100.0,97.0,98.0,100.0,99.0,POSITIVE_CALM,NONE
2025-04-06 21:25:18,2025-04-07 05:15:18,2025-04-07,ENHANCED_CONFIRMED_FINAL,4320.0,18360.0,4380.0,1140.0,0.0,15.0,8.0,23.0,False,1.0,30.1299991607666,34.0,,,,71.0,69.0,96.0,48.0,80.0,70.0,75.0,87.0,81.0,84.0,90.0,85.0,NEGATIVE_LONG_BUT_NOT_RESTORATIVE,NEGATIVE_VERY_STRENUOUS_EXERCISE
2025-04-07 22:06:11,2025-04-08 05:15:11,2025-04-08,ENHANCED_CONFIRMED_FINAL,4380.0,16020.0,5340.0,0.0,0.0,13.0,7.0,20.0,False,0.0,16.450000762939453,31.0,,,,82.0,86.0,79.0,77.0,85.0,80.0,83.0,100.0,100.0,100.0,92.0,98.0,POSITIVE_CONTINUOUS,POSITIVE_RESTFUL_EVENING
2025-04-08 21:49:02,2025-04-09 04:57:02,2025-04-09,ENHANCED_CONFIRMED_FINAL,3660.0,17880.0,3300.0,840.0,0.0,13.0,7.0,20.0,False,1.0,17.950000762939453,26.0,,,,76.0,78.0,76.0,74.0,77.0,65.0,70.0,87.0,88.0,87.0,97.0,89.0,POSITIVE_CALM,NONE
2025-04-09 20:08:24,2025-04-10 04:21:17,2025-04-10,ENHANCED_CONFIRMED_FINAL,3660.0,21660.0,4080.0,180.0,0.0,13.0,8.0,23.0,False,0.0,14.1899995803833,28.0,,,,86.0,84.0,100.0,83.0,73.0,66.0,68.0,100.0,100.0,100.0,100.0,100.0,POSITIVE_LONG_AND_CONTINUOUS,NONE
2025-04-10 22:01:02,2025-04-11 05:55:02,2025-04-11,ENHANCED_CONFIRMED_FINAL,3180.0,19680.0,4380.0,1200.0,0.0,12.0,7.0,19.0,False,1.0,21.1299991607666,39.0,"[{'napTimeSec': 4020, 'napStartTimestampGMT': '2025-04-11T13:26:37.0', 'napEndTimestampGMT': '2025-04-11T14:33:37.0', 'calendarDate': '2025-04-11'}]",,,78.0,74.0,89.0,68.0,71.0,70.0,70.0,87.0,80.0,83.0,85.0,84.0,POSITIVE_LONG_AND_CALM,NONE
2025-04-11 23:40:12,2025-04-12 08:04:12,2025-04-12,ENHANCED_CONFIRMED_FINAL,5400.0,20400.0,2760.0,1680.0,0.0,15.0,9.0,21.0,False,1.0,22.489999771118164,31.0,,,,77.0,74.0,98.0,65.0,95.0,53.0,71.0,87.0,72.0,79.0,96.0,83.0,NEGATIVE_LONG_BUT_NOT_ENOUGH_REM,NONE
2025-04-12 23:35:10,2025-04-13 08:01:10,2025-04-13,ENHANCED_CONFIRMED_FINAL,3540.0,20700.0,3540.0,2580.0,0.0,15.0,7.0,24.0,False,3.0,33.36000061035156,42.0,,,,63.0,57.0,100.0,40.0,73.0,63.0,67.0,61.0,57.0,59.0,82.0,63.0,NEGATIVE_LONG_BUT_NOT_RESTORATIVE,NONE
2025-04-13 21:43:05,2025-04-14 07:41:21,2025-04-14,ENHANCED_CONFIRMED_FINAL,3960.0,27720.0,4140.0,120.0,0.0,13.0,8.0,21.0,False,0.0,12.779999732971191,46.0,,,,85.0,84.0,100.0,89.0,70.0,61.0,63.0,100.0,100.0,100.0,89.0,98.0,POSITIVE_LONG_AND_CONTINUOUS,NONE
2025-04-15 00:09:51,2025-04-15 08:37:49,2025-04-15,ENHANCED_CONFIRMED_FINAL,4200.0,18900.0,5820.0,120.0,1440.0,13.0,7.0,20.0,False,0.0,17.790000915527344,41.0,,,,86.0,83.0,100.0,74.0,77.0,78.0,78.0,100.0,100.0,100.0,84.0,96.0,POSITIVE_LONG_AND_CONTINUOUS,POSITIVE_EXERCISE
2025-04-15 22:59:40,2025-04-16 07:09:40,2025-04-16,ENHANCED_CONFIRMED_FINAL,6360.0,18000.0,4740.0,300.0,0.0,13.0,8.0,19.0,False,0.0,12.369999885559082,27.0,,,,93.0,92.0,100.0,91.0,100.0,71.0,84.0,100.0,100.0,100.0,100.0,100.0,POSITIVE_OPTIMAL_STRUCTURE,POSITIVE_LATE_BED_TIME
2025-04-16 22:49:20,2025-04-17 07:00:20,2025-04-17,ENHANCED_CONFIRMED_FINAL,4800.0,19440.0,4200.0,1020.0,0.0,13.0,8.0,22.0,False,1.0,17.43000030517578,38.0,,,,84.0,79.0,98.0,75.0,84.0,68.0,75.0,87.0,84.0,85.0,87.0,86.0,POSITIVE_LONG_AND_CALM,NONE
2025-04-17 23:16:08,2025-04-18 07:57:08,2025-04-18,ENHANCED_CONFIRMED_FINAL,3240.0,22080.0,5100.0,840.0,0.0,13.0,7.0,20.0,False,1.0,19.219999313354492,32.0,,,,82.0,77.0,100.0,72.0,69.0,72.0,69.0,87.0,88.0,87.0,97.0,89.0,POSITIVE_LONG_AND_CALM,NONE
2025-04-18 22:34:47,2025-04-19 06:14:47,2025-04-19,ENHANCED_CONFIRMED_FINAL,4800.0,18360.0,3360.0,1080.0,0.0,13.0,5.0,23.0,False,1.0,25.100000381469727,29.0,,,,75.0,75.0,84.0,60.0,91.0,63.0,73.0,87.0,83.0,85.0,96.0,87.0,POSITIVE_LONG_AND_CALM,NONE
2025-04-19 22:52:50,2025-04-20 07:24:07,2025-04-20,ENHANCED_CONFIRMED_FINAL,5880.0,18300.0,6180.0,360.0,0.0,13.0,5.0,20.0,False,0.0,25.059999465942383,37.0,,,,81.0,82.0,100.0,60.0,97.0,79.0,87.0,100.0,99.0,99.0,91.0,98.0,POSITIVE_LONG_AND_CONTINUOUS,POSITIVE_LATE_BED_TIME
2025-04-20 23:04:07,2025-04-21 07:55:07,2025-04-21,ENHANCED_CONFIRMED_FINAL,6120.0,20160.0,5040.0,540.0,0.0,12.0,6.0,20.0,False,1.0,11.670000076293945,20.0,,,,91.0,90.0,100.0,93.0,98.0,70.0,80.0,87.0,95.0,91.0,100.0,92.0,POSITIVE_OPTIMAL_STRUCTURE,NONE
2025-04-21 21:31:21,2025-04-22 05:17:21,2025-04-22,ENHANCED_CONFIRMED_FINAL,4200.0,18360.0,4860.0,540.0,0.0,13.0,6.0,20.0,False,0.0,13.119999885559082,38.0,,,,87.0,86.0,90.0,88.0,79.0,73.0,76.0,100.0,95.0,97.0,85.0,95.0,POSITIVE_LONG_AND_CONTINUOUS,NONE
2025-04-22 20:52:31,2025-04-23 04:30:31,2025-04-23,ENHANCED_CONFIRMED_FINAL,6480.0,15780.0,5160.0,60.0,0.0,13.0,8.0,22.0,False,0.0,16.280000686645508,24.0,,,,89.0,88.0,99.0,77.0,100.0,76.0,92.0,100.0,100.0,100.0,100.0,100.0,POSITIVE_LONG_AND_DEEP,POSITIVE_RESTFUL_DAY
2025-04-23 21:51:09,2025-04-24 05:15:09,2025-04-24,ENHANCED_CONFIRMED_FINAL,4260.0,16860.0,5040.0,480.0,0.0,14.0,6.0,22.0,False,1.0,16.399999618530273,32.0,,,,84.0,82.0,90.0,77.0,81.0,77.0,79.0,87.0,96.0,91.0,92.0,91.0,POSITIVE_LONG_AND_CONTINUOUS,POSITIVE_RESTFUL_DAY
2025-04-24 22:59:57,2025-04-25 05:13:57,2025-04-25,ENHANCED_CONFIRMED_FINAL,3600.0,16200.0,2220.0,420.0,0.0,13.0,7.0,23.0,False,0.0,23.15999984741211,17.0,,,,70.0,77.0,70.0,64.0,82.0,55.0,68.0,100.0,97.0,98.0,100.0,99.0,NEGATIVE_NOT_ENOUGH_REM,NONE
2025-04-25 23:27:29,2025-04-26 07:35:21,2025-04-26,ENHANCED_CONFIRMED_FINAL,4860.0,20100.0,4140.0,180.0,0.0,12.0,7.0,20.0,False,0.0,19.229999542236328,38.0,,,,84.0,81.0,100.0,72.0,84.0,66.0,74.0,100.0,100.0,100.0,88.0,97.0,POSITIVE_LONG_AND_CONTINUOUS,NONE
2025-04-26 23:19:21,2025-04-27 07:29:01,2025-04-27,ENHANCED_CONFIRMED_FINAL,3900.0,20160.0,3660.0,1680.0,0.0,13.0,9.0,23.0,False,3.0,24.3799991607666,31.0,,,,73.0,67.0,93.0,61.0,76.0,64.0,69.0,61.0,72.0,66.0,95.0,70.0,POSITIVE_LONG_AND_CALM,POSITIVE_LATE_BED_TIME
2025-04-27 22:23:01,2025-04-28 05:31:01,2025-04-28,ENHANCED_CONFIRMED_FINAL,5220.0,16500.0,3900.0,60.0,0.0,13.0,7.0,20.0,False,0.0,16.809999465942383,26.0,,,,81.0,87.0,79.0,76.0,100.0,68.0,80.0,100.0,100.0,100.0,98.0,100.0,POSITIVE_DEEP,NONE
2025-04-28 22:07:40,2025-04-29 06:34:28,2025-04-29,ENHANCED_CONFIRMED_FINAL,3720.0,20880.0,5580.0,240.0,0.0,13.0,8.0,22.0,False,0.0,17.3799991607666,35.0,,,,85.0,83.0,100.0,75.0,73.0,75.0,74.0,100.0,100.0,100.0,93.0,99.0,POSITIVE_LONG_AND_CONTINUOUS,NONE
2025-04-29 21:24:17,2025-04-30 05:00:16,2025-04-30,ENHANCED_CONFIRMED_FINAL,5160.0,18000.0,4140.0,60.0,0.0,13.0,8.0,19.0,False,0.0,14.119999885559082,30.0,,,,87.0,88.0,90.0,84.0,95.0,68.0,78.0,100.0,100.0,100.0,95.0,99.0,POSITIVE_LONG_AND_CONTINUOUS,NONE
2025-04-30 23:08:11,2025-05-01 05:35:11,2025-05-01,ENHANCED_CONFIRMED_FINAL,3360.0,13920.0,5880.0,60.0,0.0,12.0,8.0,19.0,False,0.0,14.100000381469727,22.0,,,,79.0,91.0,70.0,84.0,77.0,100.0,87.0,100.0,100.0,100.0,100.0,100.0,POSITIVE_REFRESHING,POSITIVE_LATE_BED_TIME
2025-05-01 22:10:59,2025-05-02 07:20:59,2025-05-02,ENHANCED_CONFIRMED_FINAL,5940.0,19440.0,5760.0,1860.0,0.0,13.0,7.0,21.0,False,2.0,15.539999961853027,41.0,,,,85.0,80.0,100.0,79.0,95.0,78.0,85.0,74.0,69.0,71.0,88.0,75.0,POSITIVE_LONG_AND_DEEP,POSITIVE_LATE_BED_TIME
,,,,,,,,,,,,False,,,,,,,,,,,,,,,,,,,,
,,,,,,,,,,,,False,,,,,,,,,,,,,,,,,,,,
2025-05-04 22:18:02,2025-05-05 05:05:02,2025-05-05,ENHANCED_CONFIRMED_FINAL,1860.0,18960.0,1560.0,2040.0,0.0,14.0,6.0,22.0,False,2.0,21.700000762939453,33.0,,,,63.0,64.0,68.0,67.0,65.0,38.0,32.0,74.0,66.0,70.0,82.0,73.0,NEGATIVE_NOT_ENOUGH_REM,NEGATIVE_LATE_BED_TIME
2025-05-05 21:22:06,2025-05-06 05:11:06,2025-05-06,ENHANCED_CONFIRMED_FINAL,4860.0,16680.0,5880.0,720.0,0.0,12.0,7.0,20.0,False,1.0,13.859999656677246,31.0,,,,88.0,87.0,90.0,85.0,89.0,83.0,86.0,87.0,91.0,89.0,94.0,90.0,POSITIVE_LONG_AND_CALM,NONE
2025-05-06 22:18:05,2025-05-07 05:50:05,2025-05-07,ENHANCED_CONFIRMED_FINAL,6360.0,14340.0,6300.0,120.0,0.0,13.0,7.0,21.0,False,0.0,12.479999542236328,28.0,,,,92.0,96.0,88.0,90.0,100.0,96.0,100.0,100.0,100.0,100.0,98.0,100.0,POSITIVE_OPTIMAL_STRUCTURE,NONE
2025-05-08 04:19:39,2025-05-08 04:32:39,2025-05-08,ENHANCED_CONFIRMED_FINAL,0.0,780.0,,0.0,0.0,14.0,12.0,16.0,False,0.0,29.760000228881836,1.0,,,,27.0,74.0,0.0,49.0,,,,100.0,100.0,100.0,89.0,98.0,NEGATIVE_SHORT_AND_POOR_STRUCTURE,NONE
2025-05-09 01:55:23,2025-05-09 09:04:14,2025-05-09,ENHANCED_CONFIRMED_FINAL,4140.0,19140.0,720.0,1740.0,0.0,14.0,8.0,22.0,False,3.0,34.209999084472656,28.0,,,,53.0,53.0,73.0,38.0,86.0,16.0,60.0,61.0,71.0,66.0,93.0,70.0,NEGATIVE_NOT_RESTORATIVE,NONE
,,,,,,,,,,,,False,,,,,,,,,,,,,,,,,,,,
2025-05-11 03:42:11,2025-05-11 05:39:10,2025-05-11,ENHANCED_CONFIRMED_FINAL,3060.0,3960.0,,0.0,0.0,12.0,7.0,19.0,False,0.0,22.489999771118164,0.0,"[{'napTimeSec': 4620, 'napStartTimestampGMT': '2025-05-11T07:11:02.0', 'napEndTimestampGMT': '2025-05-11T08:28:02.0', 'calendarDate': '2025-05-11'}, {'napTimeSec': 3120, 'napStartTimestampGMT': '2025-05-11T09:45:02.0', 'napEndTimestampGMT': '2025-05-11T10:37:02.0', 'calendarDate': '2025-05-11'}]",,,29.0,83.0,0.0,65.0,,,,100.0,100.0,100.0,100.0,100.0,POSITIVE_SHORT_BUT_CONTINUOUS,NONE
2025-05-11 21:49:02,2025-05-12 05:10:02,2025-05-12,ENHANCED_CONFIRMED_FINAL,4260.0,18120.0,4020.0,60.0,0.0,13.0,6.0,20.0,False,0.0,15.199999809265137,26.0,,,,82.0,85.0,83.0,80.0,81.0,68.0,74.0,100.0,100.0,100.0,100.0,100.0,POSITIVE_LONG_AND_CONTINUOUS,NONE
2025-05-13 00:29:41,2025-05-13 05:05:41,2025-05-13,ENHANCED_CONFIRMED_FINAL,2760.0,9960.0,3780.0,60.0,0.0,13.0,6.0,21.0,False,0.0,20.350000381469727,15.0,,,,66.0,86.0,54.0,69.0,84.0,93.0,87.0,100.0,100.0,100.0,100.0,100.0,POSITIVE_SHORT_BUT_CONTINUOUS,POSITIVE_EXERCISE
2025-05-13 21:07:29,2025-05-14 06:02:21,2025-05-14,ENHANCED_CONFIRMED_FINAL,3480.0,23340.0,4020.0,1260.0,0.0,14.0,8.0,23.0,False,2.0,22.459999084472656,32.0,,,,77.0,71.0,100.0,65.0,71.0,64.0,65.0,74.0,79.0,76.0,98.0,80.0,POSITIVE_LONG_AND_CALM,NONE
2025-05-14 23:41:26,2025-05-15 09:57:26,2025-05-15,ENHANCED_CONFIRMED_FINAL,2820.0,25080.0,8640.0,420.0,0.0,13.0,7.0,22.0,False,0.0,20.940000534057617,43.0,,,,83.0,82.0,100.0,68.0,63.0,98.0,74.0,100.0,97.0,98.0,94.0,98.0,POSITIVE_LONG_AND_REFRESHING,NONE
2025-05-15 23:30:25,2025-05-16 07:30:11,2025-05-16,ENHANCED_CONFIRMED_FINAL,3180.0,17400.0,8040.0,180.0,0.0,13.0,8.0,21.0,False,0.0,19.420000076293945,26.0,,,,86.0,85.0,99.0,71.0,70.0,99.0,86.0,100.0,100.0,100.0,100.0,100.0,POSITIVE_LONG_AND_CONTINUOUS,NONE
2025-05-16 23:58:39,2025-05-17 08:15:37,2025-05-17,ENHANCED_CONFIRMED_FINAL,4260.0,18960.0,6120.0,480.0,0.0,13.0,9.0,19.0,False,1.0,18.290000915527344,28.0,,,,85.0,81.0,100.0,73.0,77.0,80.0,79.0,87.0,96.0,91.0,100.0,92.0,POSITIVE_LONG_AND_CALM,POSITIVE_LATE_BED_TIME
2025-05-17 23:57:33,2025-05-18 08:58:08,2025-05-18,ENHANCED_CONFIRMED_FINAL,2820.0,25440.0,2760.0,1440.0,0.0,13.0,7.0,20.0,False,2.0,21.3700008392334,38.0,,,,73.0,68.0,100.0,67.0,66.0,49.0,48.0,74.0,76.0,75.0,91.0,78.0,NEGATIVE_LONG_BUT_NOT_ENOUGH_REM,NEGATIVE_STRESSFUL_DAY
2025-05-18 22:54:08,2025-05-19 05:28:08,2025-05-19,ENHANCED_CONFIRMED_FINAL,4200.0,16020.0,2940.0,480.0,0.0,14.0,8.0,22.0,False,0.0,19.59000015258789,35.0,,,,74.0,81.0,70.0,71.0,91.0,63.0,74.0,100.0,96.0,98.0,81.0,94.0,POSITIVE_CONTINUOUS,NONE
2025-05-19 21:03:00,2025-05-20 05:00:23,2025-05-20,ENHANCED_CONFIRMED_FINAL,2040.0,20220.0,5280.0,1140.0,0.0,14.0,8.0,21.0,False,2.0,18.6299991607666,26.0,,,,79.0,75.0,91.0,73.0,63.0,76.0,68.0,74.0,81.0,77.0,100.0,81.0,POSITIVE_LONG_AND_CALM,NONE
2025-05-20 22:09:12,2025-05-21 05:20:12,2025-05-21,ENHANCED_CONFIRMED_FINAL,5940.0,15300.0,4440.0,180.0,0.0,13.0,7.0,21.0,False,0.0,17.889999389648438,22.0,,,,81.0,87.0,79.0,74.0,100.0,73.0,88.0,100.0,100.0,100.0,100.0,100.0,POSITIVE_CONTINUOUS,POSITIVE_EXERCISE
2025-05-21 21:56:27,2025-05-22 05:00:27,2025-05-22,ENHANCED_CONFIRMED_FINAL,3660.0,15780.0,5940.0,60.0,0.0,13.0,7.0,20.0,False,0.0,19.040000915527344,23.0,,,,80.0,86.0,78.0,72.0,77.0,96.0,83.0,100.0,100.0,100.0,100.0,100.0,POSITIVE_CONTINUOUS,NONE
2025-05-22 22:34:46,2025-05-23 06:04:46,2025-05-23,ENHANCED_CONFIRMED_FINAL,3420.0,16560.0,7020.0,0.0,0.0,12.0,8.0,18.0,False,0.0,13.25,30.0,,,,88.0,91.0,88.0,87.0,73.0,100.0,85.0,100.0,100.0,100.0,95.0,99.0,POSITIVE_LONG_AND_REFRESHING,NONE
2025-05-23 23:33:49,2025-05-24 07:40:49,2025-05-24,ENHANCED_CONFIRMED_FINAL,3360.0,20520.0,3180.0,2160.0,0.0,12.0,7.0,20.0,False,2.0,20.850000381469727,34.0,,,,75.0,70.0,88.0,68.0,73.0,62.0,65.0,74.0,64.0,69.0,90.0,73.0,POSITIVE_LONG_AND_CALM,NONE
2025-05-24 22:13:28,2025-05-25 07:00:24,2025-05-25,ENHANCED_CONFIRMED_FINAL,4140.0,19860.0,7380.0,240.0,0.0,13.0,7.0,18.0,False,0.0,19.899999618530273,39.0,,,,86.0,85.0,100.0,70.0,74.0,97.0,81.0,100.0,100.0,100.0,90.0,98.0,POSITIVE_LONG_AND_CONTINUOUS,NONE
2025-05-25 21:51:58,2025-05-26 05:00:58,2025-05-26,ENHANCED_CONFIRMED_FINAL,5160.0,16860.0,3720.0,0.0,0.0,13.0,8.0,19.0,False,0.0,16.530000686645508,28.0,,"{'userProfilePk': 127799790, 'deviceId': 3491706218, 'sleepMeasurementStartGMT': '2025-05-25T21:52:00.0', 'sleepMeasurementEndGMT': '2025-05-26T05:00:00.0', 'averageSPO2': 92.0, 'averageHR': 55.0, 'lowestSPO2': 78}",LOW,84.0,87.0,87.0,77.0,100.0,67.0,78.0,100.0,100.0,100.0,96.0,99.0,POSITIVE_LONG_AND_DEEP,NONE
2025-05-26 22:16:17,2025-05-27 05:05:17,2025-05-27,ENHANCED_CONFIRMED_FINAL,4140.0,15360.0,3960.0,1080.0,0.0,12.0,7.0,21.0,False,1.0,18.540000915527344,22.0,,"{'userProfilePk': 127799790, 'deviceId': 3491706218, 'sleepMeasurementStartGMT': '2025-05-26T22:17:00.0', 'sleepMeasurementEndGMT': '2025-05-27T05:00:00.0', 'averageSPO2': 95.0, 'averageHR': 55.0, 'lowestSPO2': 84}",NONE,77.0,80.0,75.0,73.0,88.0,72.0,78.0,87.0,83.0,85.0,100.0,88.0,POSITIVE_CALM,NONE
2025-05-27 21:52:00,2025-05-28 05:01:00,2025-05-28,ENHANCED_CONFIRMED_FINAL,3480.0,18900.0,3180.0,180.0,0.0,14.0,7.0,22.0,False,0.0,17.31999969482422,30.0,,"{'userProfilePk': 127799790, 'deviceId': 3491706218, 'sleepMeasurementStartGMT': '2025-05-27T21:53:00.0', 'sleepMeasurementEndGMT': '2025-05-28T04:59:00.0', 'averageSPO2': 93.0, 'averageHR': 56.0, 'lowestSPO2': 83}",NONE,78.0,81.0,79.0,75.0,75.0,63.0,68.0,100.0,100.0,100.0,93.0,99.0,POSITIVE_CONTINUOUS,NONE
2025-05-28 21:38:32,2025-05-29 05:00:32,2025-05-29,ENHANCED_CONFIRMED_FINAL,3300.0,17280.0,5820.0,120.0,0.0,13.0,7.0,21.0,False,0.0,16.780000686645508,32.0,,"{'userProfilePk': 127799790, 'deviceId': 3491706218, 'sleepMeasurementStartGMT': '2025-05-28T21:39:00.0', 'sleepMeasurementEndGMT': '2025-05-29T04:59:00.0', 'averageSPO2': 94.0, 'averageHR': 54.0, 'lowestSPO2': 82}",,82.0,85.0,83.0,76.0,73.0,87.0,78.0,100.0,100.0,100.0,91.0,98.0,POSITIVE_LONG_AND_CONTINUOUS,NONE
2025-05-29 22:05:36,2025-05-30 05:42:56,2025-05-30,ENHANCED_CONFIRMED_FINAL,6960.0,17100.0,2760.0,660.0,0.0,13.0,7.0,20.0,False,0.0,20.1200008392334,30.0,,"{'userProfilePk': 127799790, 'deviceId': 3491706218, 'sleepMeasurementStartGMT': '2025-05-29T22:06:00.0', 'sleepMeasurementEndGMT': '2025-05-30T05:42:00.0', 'averageSPO2': 94.0, 'averageHR': 53.0, 'lowestSPO2': 82}",NONE,78.0,81.0,86.0,70.0,100.0,56.0,80.0,100.0,92.0,96.0,95.0,96.0,NEGATIVE_LONG_BUT_NOT_ENOUGH_REM,NONE
2025-05-30 23:13:45,2025-05-31 07:47:12,2025-05-31,ENHANCED_CONFIRMED_FINAL,3660.0,20280.0,6120.0,780.0,0.0,13.0,6.0,20.0,False,1.0,13.420000076293945,37.0,,,,87.0,83.0,100.0,86.0,72.0,79.0,76.0,87.0,89.0,88.0,91.0,88.0,POSITIVE_LONG_AND_CALM,NONE
2025-05-31 23:37:07,2025-06-01 08:06:07,2025-06-01,ENHANCED_CONFIRMED_FINAL,4500.0,18000.0,3720.0,4320.0,0.0,14.0,8.0,22.0,False,2.0,20.270000457763672,30.0,,"{'userProfilePk': 127799790, 'deviceId': 3491706218, 'sleepMeasurementStartGMT': '2025-05-31T23:38:00.0', 'sleepMeasurementEndGMT': '2025-06-01T05:59:00.0', 'averageSPO2': 95.0, 'averageHR': 57.0, 'lowestSPO2': 81}",NONE,71.0,68.0,82.0,69.0,86.0,66.0,74.0,74.0,28.0,51.0,94.0,59.0,NEGATIVE_LONG_BUT_DISCONTINUOUS,NEGATIVE_STRESSFUL_DAY
2025-06-01 21:58:39,2025-06-02 05:05:12,2025-06-02,ENHANCED_CONFIRMED_FINAL,4380.0,17760.0,2820.0,660.0,0.0,14.0,6.0,20.0,False,0.0,18.56999969482422,41.0,,"{'userProfilePk': 127799790, 'deviceId': 3491706218, 'sleepMeasurementStartGMT': '2025-06-01T21:59:00.0', 'sleepMeasurementEndGMT': '2025-06-02T04:59:00.0', 'averageSPO2': 93.0, 'averageHR': 57.0, 'lowestSPO2': 77}",NONE,77.0,80.0,77.0,73.0,88.0,61.0,71.0,100.0,92.0,96.0,77.0,92.0,POSITIVE_CONTINUOUS,POSITIVE_EXERCISE
2025-06-02 22:12:28,2025-06-03 05:15:28,2025-06-03,ENHANCED_CONFIRMED_FINAL,5520.0,14040.0,5580.0,240.0,0.0,13.0,6.0,19.0,False,0.0,11.819999694824219,24.0,,"{'userProfilePk': 127799790, 'deviceId': 3491706218, 'sleepMeasurementStartGMT': '2025-06-02T22:13:00.0', 'sleepMeasurementEndGMT': '2025-06-03T04:59:00.0', 'averageSPO2': 93.0, 'averageHR': 53.0, 'lowestSPO2': 81}",LOW,86.0,96.0,77.0,93.0,100.0,88.0,95.0,100.0,100.0,100.0,100.0,100.0,POSITIVE_CONTINUOUS,POSITIVE_LATE_BED_TIME
2025-06-03 21:19:10,2025-06-04 05:02:10,2025-06-04,ENHANCED_CONFIRMED_FINAL,4080.0,17400.0,3420.0,2880.0,0.0,14.0,7.0,22.0,False,4.0,19.700000762939453,48.0,,"{'userProfilePk': 127799790, 'deviceId': 3491706218, 'sleepMeasurementStartGMT': '2025-06-03T21:20:00.0', 'sleepMeasurementEndGMT': '2025-06-04T04:59:00.0', 'averageSPO2': 94.0, 'averageHR': 56.0, 'lowestSPO2': 86}",,64.0,63.0,76.0,71.0,82.0,65.0,73.0,32.0,52.0,42.0,68.0,45.0,NEGATIVE_DISCONTINUOUS,NEGATIVE_LATE_STRENUOUS_EXERCISE
2025-06-04 20:32:51,2025-06-05 05:10:22,2025-06-05,ENHANCED_CONFIRMED_FINAL,3240.0,21300.0,3780.0,2760.0,0.0,13.0,6.0,23.0,False,3.0,17.350000381469727,42.0,,"{'userProfilePk': 127799790, 'deviceId': 3491706218, 'sleepMeasurementStartGMT': '2025-06-04T20:33:00.0', 'sleepMeasurementEndGMT': '2025-06-05T05:00:00.0', 'averageSPO2': 94.0, 'averageHR': 55.0, 'lowestSPO2': 87}",NONE,75.0,68.0,97.0,75.0,71.0,65.0,66.0,61.0,54.0,57.0,82.0,62.0,POSITIVE_LONG_AND_RECOVERING,NONE
2025-06-05 22:16:22,2025-06-06 05:40:22,2025-06-06,ENHANCED_CONFIRMED_FINAL,6180.0,15840.0,4620.0,0.0,0.0,13.0,7.0,20.0,False,0.0,19.34000015258789,24.0,,"{'userProfilePk': 127799790, 'deviceId': 3491706218, 'sleepMeasurementStartGMT': '2025-06-05T22:17:00.0', 'sleepMeasurementEndGMT': '2025-06-06T05:40:00.0', 'averageSPO2': 96.0, 'averageHR': 51.0, 'lowestSPO2': 86}",LOW,82.0,86.0,85.0,71.0,100.0,73.0,88.0,100.0,100.0,100.0,100.0,100.0,POSITIVE_LONG_AND_CONTINUOUS,POSITIVE_LATE_BED_TIME
2025-06-07 00:48:42,2025-06-07 07:58:07,2025-06-07,ENHANCED_CONFIRMED_FINAL,5820.0,16740.0,3060.0,180.0,0.0,14.0,8.0,21.0,False,0.0,23.489999771118164,35.0,,"{'userProfilePk': 127799790, 'deviceId': 3491706218, 'sleepMeasurementStartGMT': '2025-06-07T00:49:00.0', 'sleepMeasurementEndGMT': '2025-06-07T05:59:00.0', 'averageSPO2': 94.0, 'averageHR': 60.0, 'lowestSPO2': 88}",,75.0,80.0,79.0,63.0,100.0,62.0,78.0,100.0,100.0,100.0,86.0,97.0,POSITIVE_DEEP,POSITIVE_LATE_BED_TIME
2025-06-07 22:52:07,2025-06-08 07:00:07,2025-06-08,ENHANCED_CONFIRMED_FINAL,6600.0,16500.0,5700.0,480.0,0.0,14.0,9.0,20.0,False,0.0,19.739999771118164,29.0,,"{'userProfilePk': 127799790, 'deviceId': 3491706218, 'sleepMeasurementStartGMT': '2025-06-07T22:53:00.0', 'sleepMeasurementEndGMT': '2025-06-08T05:59:00.0', 'averageSPO2': 95.0, 'averageHR': 55.0, 'lowestSPO2': 90}",NONE,87.0,86.0,100.0,71.0,100.0,78.0,92.0,100.0,96.0,98.0,99.0,98.0,POSITIVE_LONG_AND_DEEP,POSITIVE_RESTFUL_EVENING
2025-06-08 22:22:15,2025-06-09 05:20:15,2025-06-09,ENHANCED_CONFIRMED_FINAL,4020.0,15060.0,5940.0,60.0,0.0,13.0,7.0,19.0,False,0.0,20.170000076293945,28.0,,"{'userProfilePk': 127799790, 'deviceId': 3491706218, 'sleepMeasurementStartGMT': '2025-06-08T22:23:00.0', 'sleepMeasurementEndGMT': '2025-06-09T04:59:00.0', 'averageSPO2': 95.0, 'averageHR': 52.0, 'lowestSPO2': 86}",NONE,80.0,86.0,77.0,70.0,80.0,98.0,87.0,100.0,100.0,100.0,95.0,99.0,POSITIVE_CONTINUOUS,NONE
2025-06-09 21:33:36,2025-06-10 05:01:23,2025-06-10,ENHANCED_CONFIRMED_FINAL,4260.0,19080.0,3120.0,420.0,0.0,12.0,6.0,17.0,False,0.0,15.890000343322754,40.0,,"{'userProfilePk': 127799790, 'deviceId': 3491706218, 'sleepMeasurementStartGMT': '2025-06-09T21:34:00.0', 'sleepMeasurementEndGMT': '2025-06-10T04:59:00.0', 'averageSPO2': 94.0, 'averageHR': 53.0, 'lowestSPO2': 83}",,80.0,82.0,84.0,78.0,81.0,62.0,70.0,100.0,97.0,98.0,81.0,95.0,POSITIVE_LONG_AND_CONTINUOUS,NONE
2025-06-10 21:17:32,2025-06-11 05:01:32,2025-06-11,ENHANCED_CONFIRMED_FINAL,4200.0,19680.0,3120.0,840.0,0.0,12.0,7.0,19.0,False,0.0,19.799999237060547,32.0,,"{'userProfilePk': 127799790, 'deviceId': 3491706218, 'sleepMeasurementStartGMT': '2025-06-10T21:18:00.0', 'sleepMeasurementEndGMT': '2025-06-11T05:00:00.0', 'averageSPO2': 95.0, 'averageHR': 55.0, 'lowestSPO2': 89}",NONE,79.0,78.0,88.0,70.0,79.0,61.0,69.0,100.0,88.0,94.0,92.0,94.0,POSITIVE_LONG_AND_CONTINUOUS,POSITIVE_EXERCISE
2025-06-11 22:09:08,2025-06-12 04:56:08,2025-06-12,ENHANCED_CONFIRMED_FINAL,4560.0,15180.0,4260.0,420.0,0.0,13.0,7.0,21.0,False,0.0,17.030000686645508,27.0,,"{'userProfilePk': 127799790, 'deviceId': 3491706218, 'sleepMeasurementStartGMT': '2025-06-11T22:10:00.0', 'sleepMeasurementEndGMT': '2025-06-12T04:56:00.0', 'averageSPO2': 94.0, 'averageHR': 55.0, 'lowestSPO2': 88}",NONE,78.0,86.0,73.0,76.0,95.0,74.0,81.0,100.0,97.0,98.0,95.0,98.0,POSITIVE_CONTINUOUS,NONE
2025-06-12 21:28:37,2025-06-13 05:47:21,2025-06-13,ENHANCED_CONFIRMED_FINAL,6420.0,15840.0,7560.0,120.0,0.0,14.0,6.0,21.0,False,0.0,21.450000762939453,23.0,,"{'userProfilePk': 127799790, 'deviceId': 3491706218, 'sleepMeasurementStartGMT': '2025-06-12T21:29:00.0', 'sleepMeasurementEndGMT': '2025-06-13T05:00:00.0', 'averageSPO2': 93.0, 'averageHR': 54.0, 'lowestSPO2': 84}",,87.0,89.0,100.0,67.0,100.0,100.0,100.0,100.0,100.0,100.0,100.0,100.0,POSITIVE_LONG_AND_REFRESHING,NONE
2025-06-13 23:57:11,2025-06-14 08:20:11,2025-06-14,ENHANCED_CONFIRMED_FINAL,5040.0,20280.0,4200.0,660.0,0.0,14.0,8.0,20.0,False,1.0,23.479999542236328,37.0,"[{'napTimeSec': 1500, 'napStartTimestampGMT': '2025-06-14T15:34:42.0', 'napEndTimestampGMT': '2025-06-14T15:59:42.0', 'calendarDate': '2025-06-14'}]","{'userProfilePk': 127799790, 'deviceId': 3491706218, 'sleepMeasurementStartGMT': '2025-06-13T23:58:00.0', 'sleepMeasurementEndGMT': '2025-06-14T06:59:00.0', 'averageSPO2': 95.0, 'averageHR': 56.0, 'lowestSPO2': 84}",NONE,79.0,76.0,100.0,63.0,85.0,66.0,74.0,87.0,92.0,89.0,90.0,89.0,POSITIVE_LONG_AND_CONTINUOUS,POSITIVE_LATE_BED_TIME
2025-06-15 01:17:42,2025-06-15 08:29:42,2025-06-15,ENHANCED_CONFIRMED_FINAL,3900.0,16980.0,4620.0,420.0,0.0,14.0,7.0,22.0,False,0.0,20.139999389648438,27.0,,"{'userProfilePk': 127799790, 'deviceId': 3491706218, 'sleepMeasurementStartGMT': '2025-06-15T01:18:00.0', 'sleepMeasurementEndGMT': '2025-06-15T06:59:00.0', 'averageSPO2': 94.0, 'averageHR': 59.0, 'lowestSPO2': 81}",NONE,79.0,82.0,79.0,70.0,79.0,74.0,77.0,100.0,97.0,98.0,97.0,98.0,POSITIVE_CONTINUOUS,POSITIVE_LATE_BED_TIME
2025-06-15 21:24:06,2025-06-16 04:40:06,2025-06-16,ENHANCED_CONFIRMED_FINAL,6240.0,16080.0,3600.0,240.0,0.0,13.0,6.0,20.0,False,0.0,17.190000534057617,32.0,,"{'userProfilePk': 127799790, 'deviceId': 3491706218, 'sleepMeasurementStartGMT': '2025-06-15T21:25:00.0', 'sleepMeasurementEndGMT': '2025-06-16T04:40:00.0', 'averageSPO2': 94.0, 'averageHR': 53.0, 'lowestSPO2': 87}",,84.0,86.0,88.0,76.0,100.0,66.0,84.0,100.0,100.0,100.0,91.0,98.0,POSITIVE_LONG_AND_DEEP,NONE
2025-06-16 21:01:21,2025-06-17 05:01:57,2025-06-17,ENHANCED_CONFIRMED_FINAL,6900.0,18000.0,3960.0,0.0,0.0,13.0,8.0,17.0,False,0.0,15.0600004196167,31.0,,"{'userProfilePk': 127799790, 'deviceId': 3491706218, 'sleepMeasurementStartGMT': '2025-06-16T21:02:00.0', 'sleepMeasurementEndGMT': '2025-06-17T04:59:00.0', 'averageSPO2': 94.0, 'averageHR': 53.0, 'lowestSPO2': 84}",NONE,88.0,87.0,100.0,80.0,100.0,65.0,83.0,100.0,100.0,100.0,96.0,99.0,POSITIVE_LONG_AND_DEEP,NONE
2025-06-17 22:36:25,2025-06-18 06:35:25,2025-06-18,ENHANCED_CONFIRMED_FINAL,7200.0,17640.0,3300.0,600.0,0.0,14.0,7.0,20.0,False,0.0,18.440000534057617,41.0,,"{'userProfilePk': 127799790, 'deviceId': 3491706218, 'sleepMeasurementStartGMT': '2025-06-17T22:37:00.0', 'sleepMeasurementEndGMT': '2025-06-18T05:00:00.0', 'averageSPO2': 95.0, 'averageHR': 54.0, 'lowestSPO2': 87}",LOW,83.0,83.0,95.0,73.0,100.0,61.0,82.0,100.0,93.0,96.0,83.0,94.0,POSITIVE_LONG_AND_DEEP,POSITIVE_LATE_BED_TIME
2025-06-18 22:05:02,2025-06-19 05:03:02,2025-06-19,ENHANCED_CONFIRMED_FINAL,3720.0,17700.0,3240.0,420.0,0.0,14.0,7.0,22.0,False,0.0,21.8799991607666,31.0,,"{'userProfilePk': 127799790, 'deviceId': 3491706218, 'sleepMeasurementStartGMT': '2025-06-18T22:06:00.0', 'sleepMeasurementEndGMT': '2025-06-19T04:59:00.0', 'averageSPO2': 94.0, 'averageHR': 58.0, 'lowestSPO2': 83}",,75.0,78.0,76.0,66.0,78.0,64.0,70.0,100.0,97.0,98.0,90.0,97.0,POSITIVE_CONTINUOUS,NONE
2025-06-19 22:12:25,2025-06-20 05:01:25,2025-06-20,ENHANCED_CONFIRMED_FINAL,4980.0,15900.0,2820.0,840.0,0.0,14.0,9.0,19.0,False,0.0,21.6200008392334,32.0,"[{'napTimeSec': 4200, 'napStartTimestampGMT': '2025-06-20T13:16:46.0', 'napEndTimestampGMT': '2025-06-20T14:26:46.0', 'calendarDate': '2025-06-20'}]","{'userProfilePk': 127799790, 'deviceId': 3491706218, 'sleepMeasurementStartGMT': '2025-06-19T22:13:00.0', 'sleepMeasurementEndGMT': '2025-06-20T05:01:00.0', 'averageSPO2': 94.0, 'averageHR': 58.0, 'lowestSPO2': 86}",LOW,74.0,80.0,72.0,67.0,100.0,62.0,76.0,100.0,88.0,94.0,86.0,93.0,POSITIVE_DEEP,POSITIVE_EXERCISE
2025-06-20 22:20:38,2025-06-21 07:00:38,2025-06-21,ENHANCED_CONFIRMED_FINAL,3540.0,21960.0,5220.0,480.0,0.0,14.0,9.0,21.0,False,0.0,19.770000457763672,40.0,,"{'userProfilePk': 127799790, 'deviceId': 3491706218, 'sleepMeasurementStartGMT': '2025-06-20T22:21:00.0', 'sleepMeasurementEndGMT': '2025-06-21T05:59:00.0', 'averageSPO2': 95.0, 'averageHR': 56.0, 'lowestSPO2': 86}",NONE,83.0,79.0,100.0,70.0,71.0,72.0,71.0,100.0,96.0,98.0,88.0,96.0,POSITIVE_LONG_AND_CONTINUOUS,NONE
2025-06-22 04:03:36,2025-06-22 07:27:36,2025-06-22,ENHANCED_CONFIRMED_FINAL,5280.0,6840.0,,120.0,0.0,17.0,11.0,24.0,False,0.0,53.06999969482422,12.0,,"{'userProfilePk': 127799790, 'deviceId': 3491706218, 'sleepMeasurementStartGMT': '2025-06-22T04:04:00.0', 'sleepMeasurementEndGMT': '2025-06-22T05:59:00.0', 'averageSPO2': 91.0, 'averageHR': 70.0, 'lowestSPO2': 84}",,29.0,50.0,28.0,0.0,100.0,0.0,94.0,100.0,100.0,100.0,99.0,100.0,NEGATIVE_SHORT_AND_POOR_QUALITY,NEGATIVE_HIGHLY_STRESSFUL_DAY
2025-06-22 21:35:19,2025-06-23 04:54:14,2025-06-23,ENHANCED_CONFIRMED_FINAL,4800.0,10620.0,,10920.0,0.0,16.0,8.0,22.0,False,6.0,16.31999969482422,37.0,,"{'userProfilePk': 127799790, 'deviceId': 3491706218, 'sleepMeasurementStartGMT': '2025-06-22T21:36:00.0', 'sleepMeasurementEndGMT': '2025-06-23T04:54:00.0', 'averageSPO2': 96.0, 'averageHR': 61.0, 'lowestSPO2': 90}",LOW,34.0,46.0,38.0,77.0,100.0,0.0,74.0,0.0,0.0,0.0,52.0,11.0,NEGATIVE_SHORT_AND_POOR_QUALITY,NONE
,,,,,,,,,,,,False,,,,,,,,,,,,,,,,,,,,
2025-06-24 21:26:50,2025-06-25 05:05:50,2025-06-25,ENHANCED_CONFIRMED_FINAL,6000.0,16800.0,4620.0,120.0,0.0,14.0,7.0,21.0,False,0.0,20.389999389648438,36.0,,"{'userProfilePk': 127799790, 'deviceId': 3491706218, 'sleepMeasurementStartGMT': '2025-06-24T21:27:00.0', 'sleepMeasurementEndGMT': '2025-06-25T04:59:00.0', 'averageSPO2': 94.0, 'averageHR': 57.0, 'lowestSPO2': 85}",NONE,83.0,84.0,90.0,69.0,100.0,72.0,85.0,100.0,100.0,100.0,88.0,97.0,POSITIVE_LONG_AND_DEEP,NONE
2025-06-25 22:38:12,2025-06-26 05:23:04,2025-06-26,ENHANCED_CONFIRMED_FINAL,6660.0,13080.0,4560.0,0.0,0.0,14.0,7.0,20.0,False,0.0,14.65999984741211,21.0,,"{'userProfilePk': 127799790, 'deviceId': 3491706218, 'sleepMeasurementStartGMT': '2025-06-25T22:39:00.0', 'sleepMeasurementEndGMT': '2025-06-26T04:59:00.0', 'averageSPO2': 97.0, 'averageHR': 51.0, 'lowestSPO2': 87}",,81.0,90.0,74.0,81.0,100.0,76.0,98.0,100.0,100.0,100.0,100.0,100.0,POSITIVE_CONTINUOUS,POSITIVE_LATE_BED_TIME
2025-06-27 00:24:42,2025-06-27 05:40:42,2025-06-27,ENHANCED_CONFIRMED_FINAL,1920.0,14640.0,2280.0,120.0,0.0,14.0,7.0,22.0,False,0.0,18.040000915527344,21.0,,"{'userProfilePk': 127799790, 'deviceId': 3491706218, 'sleepMeasurementStartGMT': '2025-06-27T00:25:00.0', 'sleepMeasurementEndGMT': '2025-06-27T05:40:00.0', 'averageSPO2': 94.0, 'averageHR': 54.0, 'lowestSPO2': 82}",NONE,64.0,79.0,54.0,74.0,68.0,62.0,63.0,100.0,100.0,100.0,95.0,99.0,POSITIVE_SHORT_BUT_CONTINUOUS,POSITIVE_LATE_BED_TIME
2025-06-27 22:53:07,2025-06-28 07:20:07,2025-06-28,ENHANCED_CONFIRMED_FINAL,3960.0,19980.0,2940.0,3540.0,0.0,17.0,9.0,24.0,False,3.0,35.84000015258789,33.0,"[{'napTimeSec': 2040, 'napStartTimestampGMT': '2025-06-28T14:59:51.0', 'napEndTimestampGMT': '2025-06-28T15:33:51.0', 'calendarDate': '2025-06-28'}]","{'userProfilePk': 127799790, 'deviceId': 3491706218, 'sleepMeasurementStartGMT': '2025-06-27T22:54:00.0', 'sleepMeasurementEndGMT': '2025-06-28T05:59:00.0', 'averageSPO2': 94.0, 'averageHR': 62.0, 'lowestSPO2': 82}",NONE,58.0,54.0,87.0,34.0,77.0,60.0,67.0,61.0,41.0,51.0,92.0,59.0,NEGATIVE_LONG_BUT_NOT_RESTORATIVE,NEGATIVE_STRESSFUL_DAY
,,,,,,,,,,,,False,,,,"[{'napTimeSec': 4380, 'napStartTimestampGMT': '2025-06-29T13:41:50.0', 'napEndTimestampGMT': '2025-06-29T14:54:50.0', 'calendarDate': '2025-06-29'}]",,,,,,,,,,,,,,,,
2025-06-29 21:43:50,2025-06-30 04:42:50,2025-06-30,ENHANCED_CONFIRMED_FINAL,4920.0,16320.0,3900.0,0.0,0.0,14.0,7.0,20.0,False,0.0,17.309999465942383,27.0,,"{'userProfilePk': 127799790, 'deviceId': 3491706218, 'sleepMeasurementStartGMT': '2025-06-29T21:44:00.0', 'sleepMeasurementEndGMT': '2025-06-30T04:42:00.0', 'averageSPO2': 95.0, 'averageHR': 53.0, 'lowestSPO2': 85}",LOW,80.0,86.0,77.0,75.0,98.0,69.0,79.0,100.0,100.0,100.0,98.0,100.0,POSITIVE_CONTINUOUS,NONE
2025-06-30 22:07:29,2025-07-01 05:36:29,2025-07-01,ENHANCED_CONFIRMED_FINAL,4140.0,19440.0,3300.0,60.0,0.0,13.0,8.0,19.0,False,0.0,20.469999313354492,38.0,,"{'userProfilePk': 127799790, 'deviceId': 3491706218, 'sleepMeasurementStartGMT': '2025-06-30T22:08:00.0', 'sleepMeasurementEndGMT': '2025-07-01T05:00:00.0', 'averageSPO2': 96.0, 'averageHR': 55.0, 'lowestSPO2': 85}",NONE,81.0,79.0,100.0,69.0,79.0,63.0,70.0,100.0,100.0,100.0,84.0,96.0,POSITIVE_LONG_AND_CONTINUOUS,POSITIVE_EXERCISE
2025-07-01 21:36:37,2025-07-02 05:00:19,2025-07-02,ENHANCED_CONFIRMED_FINAL,4920.0,17160.0,3600.0,960.0,0.0,13.0,8.0,22.0,False,1.0,20.43000030517578,36.0,,"{'userProfilePk': 127799790, 'deviceId': 3491706218, 'sleepMeasurementStartGMT': '2025-07-01T21:37:00.0', 'sleepMeasurementEndGMT': '2025-07-02T05:00:00.0', 'averageSPO2': 95.0, 'averageHR': 57.0, 'lowestSPO2': 89}",,77.0,79.0,79.0,69.0,96.0,66.0,76.0,87.0,85.0,86.0,85.0,86.0,POSITIVE_DEEP,NONE
2025-07-02 21:24:51,2025-07-03 04:52:51,2025-07-03,ENHANCED_CONFIRMED_FINAL,5460.0,19620.0,1800.0,0.0,0.0,13.0,7.0,19.0,False,0.0,18.09000015258789,33.0,,"{'userProfilePk': 127799790, 'deviceId': 3491706218, 'sleepMeasurementStartGMT': '2025-07-02T21:25:00.0', 'sleepMeasurementEndGMT': '2025-07-03T04:52:00.0', 'averageSPO2': 93.0, 'averageHR': 55.0, 'lowestSPO2': 84}",NONE,73.0,80.0,87.0,74.0,100.0,37.0,69.0,100.0,100.0,100.0,92.0,98.0,NEGATIVE_LONG_BUT_NOT_ENOUGH_REM,NONE
2025-07-03 22:09:01,2025-07-04 05:30:01,2025-07-04,ENHANCED_CONFIRMED_FINAL,3360.0,16860.0,6120.0,120.0,0.0,12.0,6.0,21.0,False,0.0,17.079999923706055,29.0,"[{'napTimeSec': 5760, 'napStartTimestampGMT': '2025-07-04T13:09:12.0', 'napEndTimestampGMT': '2025-07-04T14:45:12.0', 'calendarDate': '2025-07-04'}]","{'userProfilePk': 127799790, 'deviceId': 3491706218, 'sleepMeasurementStartGMT': '2025-07-03T22:10:00.0', 'sleepMeasurementEndGMT': '2025-07-04T04:59:00.0', 'averageSPO2': 95.0, 'averageHR': 55.0, 'lowestSPO2': 91}",NONE,83.0,87.0,83.0,76.0,74.0,95.0,80.0,100.0,100.0,100.0,95.0,99.0,POSITIVE_LONG_AND_CONTINUOUS,NONE
2025-07-05 03:05:04,2025-07-05 09:09:04,2025-07-05,ENHANCED_CONFIRMED_FINAL,780.0,18180.0,1740.0,1140.0,0.0,15.0,8.0,23.0,False,2.0,29.610000610351562,25.0,,,,56.0,56.0,63.0,49.0,37.0,45.0,12.0,74.0,81.0,77.0,87.0,79.0,NEGATIVE_NOT_RESTORATIVE,NEGATIVE_STRESSFUL_DAY
2025-07-06 03:33:10,2025-07-06 08:42:10,2025-07-06,ENHANCED_CONFIRMED_FINAL,3720.0,14640.0,,180.0,0.0,16.0,8.0,23.0,False,0.0,42.9900016784668,28.0,"[{'napTimeSec': 2700, 'napStartTimestampGMT': '2025-07-06T15:38:27.0', 'napEndTimestampGMT': '2025-07-06T16:23:27.0', 'calendarDate': '2025-07-06'}]","{'userProfilePk': 127799790, 'deviceId': 3491706218, 'sleepMeasurementStartGMT': '2025-07-06T03:34:00.0', 'sleepMeasurementEndGMT': '2025-07-06T05:59:00.0', 'averageSPO2': 92.0, 'averageHR': 69.0, 'lowestSPO2': 86}",,43.0,54.0,63.0,17.0,100.0,0.0,60.0,100.0,100.0,100.0,82.0,96.0,NEGATIVE_NOT_RESTORATIVE,NEGATIVE_STRESSFUL_DAY
2025-07-06 21:52:27,2025-07-07 05:00:19,2025-07-07,ENHANCED_CONFIRMED_FINAL,6840.0,13980.0,4680.0,180.0,0.0,14.0,8.0,20.0,False,0.0,10.619999885559082,27.0,,"{'userProfilePk': 127799790, 'deviceId': 3491706218, 'sleepMeasurementStartGMT': '2025-07-06T21:53:00.0', 'sleepMeasurementEndGMT': '2025-07-07T04:59:00.0', 'averageSPO2': 96.0, 'averageHR': 53.0, 'lowestSPO2': 85}",NONE,86.0,95.0,79.0,98.0,100.0,75.0,97.0,100.0,100.0,100.0,97.0,99.0,POSITIVE_DEEP,NONE
2025-07-07 21:29:49,2025-07-08 04:36:49,2025-07-08,ENHANCED_CONFIRMED_FINAL,6600.0,15060.0,2580.0,1380.0,0.0,14.0,6.0,20.0,False,3.0,17.84000015258789,28.0,,"{'userProfilePk': 127799790, 'deviceId': 3491706218, 'sleepMeasurementStartGMT': '2025-07-07T21:30:00.0', 'sleepMeasurementEndGMT': '2025-07-08T04:36:00.0', 'averageSPO2': 94.0, 'averageHR': 55.0, 'lowestSPO2': 84}",,73.0,75.0,74.0,74.0,100.0,58.0,83.0,61.0,77.0,69.0,95.0,72.0,NEGATIVE_NOT_ENOUGH_REM,NONE
2025-07-08 21:28:55,2025-07-09 04:57:55,2025-07-09,ENHANCED_CONFIRMED_FINAL,6840.0,14700.0,4980.0,420.0,0.0,13.0,9.0,21.0,False,1.0,12.949999809265137,25.0,,"{'userProfilePk': 127799790, 'deviceId': 3491706218, 'sleepMeasurementStartGMT': '2025-07-08T21:29:00.0', 'sleepMeasurementEndGMT': '2025-07-09T04:57:00.0', 'averageSPO2': 93.0, 'averageHR': 50.0, 'lowestSPO2': 85}",NONE,86.0,90.0,84.0,88.0,100.0,76.0,96.0,87.0,97.0,92.0,100.0,93.0,POSITIVE_LONG_AND_DEEP,NONE
2025-07-09 20:52:43,2025-07-10 04:40:43,2025-07-10,ENHANCED_CONFIRMED_FINAL,4620.0,18540.0,4020.0,900.0,0.0,12.0,8.0,18.0,False,1.0,22.030000686645508,29.0,,"{'userProfilePk': 127799790, 'deviceId': 3491706218, 'sleepMeasurementStartGMT': '2025-07-09T20:53:00.0', 'sleepMeasurementEndGMT': '2025-07-09T23:16:00.0', 'averageSPO2': 95.0, 'averageHR': 58.0, 'lowestSPO2': 88}",,79.0,77.0,89.0,66.0,85.0,68.0,75.0,87.0,87.0,87.0,97.0,89.0,POSITIVE_LONG_AND_CALM,NONE
2025-07-10 22:51:36,2025-07-11 05:22:36,2025-07-11,ENHANCED_CONFIRMED_FINAL,3720.0,16320.0,3240.0,180.0,0.0,12.0,6.0,20.0,False,0.0,20.040000915527344,28.0,"[{'napTimeSec': 1800, 'napStartTimestampGMT': '2025-07-11T12:44:39.0', 'napEndTimestampGMT': '2025-07-11T13:14:39.0', 'calendarDate': '2025-07-11'}]","{'userProfilePk': 127799790, 'deviceId': 3491706218, 'sleepMeasurementStartGMT': '2025-07-10T22:52:00.0', 'sleepMeasurementEndGMT': '2025-07-11T05:22:00.0', 'averageSPO2': 95.0, 'averageHR': 57.0, 'lowestSPO2': 80}",NONE,74.0,80.0,71.0,70.0,80.0,66.0,72.0,100.0,100.0,100.0,92.0,98.0,POSITIVE_CONTINUOUS,NONE
2025-07-11 21:12:21,2025-07-12 05:57:21,2025-07-12,ENHANCED_CONFIRMED_FINAL,3720.0,21900.0,5100.0,780.0,0.0,13.0,7.0,21.0,False,1.0,15.760000228881836,32.0,"[{'napTimeSec': 1500, 'napStartTimestampGMT': '2025-07-12T13:05:57.0', 'napEndTimestampGMT': '2025-07-12T13:30:57.0', 'calendarDate': '2025-07-12'}]","{'userProfilePk': 127799790, 'deviceId': 3491706218, 'sleepMeasurementStartGMT': '2025-07-11T22:00:00.0', 'sleepMeasurementEndGMT': '2025-07-12T05:57:00.0', 'averageSPO2': 96.0, 'averageHR': 54.0, 'lowestSPO2': 90}",,84.0,80.0,100.0,78.0,72.0,71.0,71.0,87.0,89.0,88.0,98.0,90.0,POSITIVE_LONG_AND_CALM,NONE
2025-07-13 02:40:13,2025-07-13 09:34:13,2025-07-13,ENHANCED_CONFIRMED_FINAL,2580.0,18480.0,1320.0,2460.0,0.0,15.0,7.0,22.0,False,4.0,32.2400016784668,23.0,,"{'userProfilePk': 127799790, 'deviceId': 3491706218, 'sleepMeasurementStartGMT': '2025-07-13T02:41:00.0', 'sleepMeasurementEndGMT': '2025-07-13T06:00:00.0', 'averageSPO2': 94.0, 'averageHR': 69.0, 'lowestSPO2': 87}",NONE,53.0,49.0,68.0,43.0,71.0,32.0,45.0,32.0,59.0,45.0,98.0,52.0,NEGATIVE_NOT_RESTORATIVE,NEGATIVE_STRENUOUS_EXERCISE
2025-07-13 22:23:23,2025-07-14 05:10:23,2025-07-14,ENHANCED_CONFIRMED_FINAL,6660.0,11760.0,5820.0,180.0,0.0,12.0,7.0,19.0,False,0.0,15.75,21.0,,"{'userProfilePk': 127799790, 'deviceId': 3491706218, 'sleepMeasurementStartGMT': '2025-07-13T22:24:00.0', 'sleepMeasurementEndGMT': '2025-07-14T05:00:00.0', 'averageSPO2': 95.0, 'averageHR': 53.0, 'lowestSPO2': 85}",,82.0,93.0,74.0,78.0,100.0,100.0,100.0,100.0,100.0,100.0,100.0,100.0,POSITIVE_REFRESHING,NONE
2025-07-14 21:20:02,2025-07-15 04:41:02,2025-07-15,ENHANCED_CONFIRMED_FINAL,3480.0,18900.0,3180.0,900.0,0.0,13.0,7.0,19.0,False,1.0,20.84000015258789,38.0,,"{'userProfilePk': 127799790, 'deviceId': 3491706218, 'sleepMeasurementStartGMT': '2025-07-14T21:21:00.0', 'sleepMeasurementEndGMT': '2025-07-15T04:41:00.0', 'averageSPO2': 93.0, 'averageHR': 59.0, 'lowestSPO2': 87}",,75.0,74.0,79.0,68.0,75.0,63.0,68.0,87.0,87.0,87.0,81.0,86.0,POSITIVE_CONTINUOUS,NONE
2025-07-15 21:54:10,2025-07-16 05:20:27,2025-07-16,ENHANCED_CONFIRMED_FINAL,3840.0,18840.0,4140.0,0.0,0.0,12.0,7.0,25.0,False,0.0,16.940000534057617,24.0,,"{'userProfilePk': 127799790, 'deviceId': 3491706218, 'sleepMeasurementStartGMT': '2025-07-15T21:55:00.0', 'sleepMeasurementEndGMT': '2025-07-16T04:59:00.0', 'averageSPO2': 96.0, 'averageHR': 54.0, 'lowestSPO2': 87}",NONE,82.0,83.0,86.0,76.0,77.0,69.0,72.0,100.0,100.0,100.0,100.0,100.0,POSITIVE_LONG_AND_CONTINUOUS,POSITIVE_EXERCISE
2025-07-16 21:28:03,2025-07-17 05:00:11,2025-07-17,ENHANCED_CONFIRMED_FINAL,7320.0,16140.0,3480.0,240.0,0.0,13.0,8.0,18.0,False,0.0,16.610000610351562,30.0,,"{'userProfilePk': 127799790, 'deviceId': 3491706218, 'sleepMeasurementStartGMT': '2025-07-16T21:29:00.0', 'sleepMeasurementEndGMT': '2025-07-17T04:59:00.0', 'averageSPO2': 95.0, 'averageHR': 54.0, 'lowestSPO2': 88}",,83.0,86.0,87.0,77.0,100.0,64.0,87.0,100.0,100.0,100.0,95.0,99.0,POSITIVE_LONG_AND_DEEP,POSITIVE_RESTFUL_DAY
2025-07-17 22:39:31,2025-07-18 05:43:31,2025-07-18,ENHANCED_CONFIRMED_FINAL,3660.0,17220.0,2880.0,1680.0,0.0,13.0,8.0,19.0,False,2.0,21.579999923706055,33.0,"[{'napTimeSec': 2058, 'napStartTimestampGMT': '2025-07-18T11:57:20.0', 'napEndTimestampGMT': '2025-07-18T12:31:38.0', 'calendarDate': '2025-07-18'}]","{'userProfilePk': 127799790, 'deviceId': 3491706218, 'sleepMeasurementStartGMT': '2025-07-17T22:40:00.0', 'sleepMeasurementEndGMT': '2025-07-18T05:43:00.0', 'averageSPO2': 94.0, 'averageHR': 58.0, 'lowestSPO2': 86}",,71.0,71.0,73.0,67.0,79.0,62.0,69.0,74.0,72.0,73.0,87.0,76.0,POSITIVE_DEEP,POSITIVE_EXERCISE
2025-07-18 20:46:27,2025-07-19 06:12:13,2025-07-19,ENHANCED_CONFIRMED_FINAL,7620.0,19920.0,6060.0,360.0,0.0,12.0,6.0,19.0,False,0.0,16.969999313354492,37.0,"[{'napTimeSec': 1740, 'napStartTimestampGMT': '2025-07-19T13:12:07.0', 'napEndTimestampGMT': '2025-07-19T13:41:07.0', 'calendarDate': '2025-07-19'}]","{'userProfilePk': 127799790, 'deviceId': 3491706218, 'sleepMeasurementStartGMT': '2025-07-18T22:00:00.0', 'sleepMeasurementEndGMT': '2025-07-19T05:59:00.0', 'averageSPO2': 93.0, 'averageHR': 54.0, 'lowestSPO2': 72}",NONE,89.0,87.0,100.0,76.0,100.0,74.0,89.0,100.0,99.0,99.0,95.0,99.0,POSITIVE_LONG_AND_DEEP,NONE
2025-07-19 21:58:41,2025-07-20 06:00:19,2025-07-20,ENHANCED_CONFIRMED_FINAL,5160.0,17040.0,5640.0,1080.0,0.0,12.0,7.0,19.0,False,2.0,11.640000343322754,29.0,,"{'userProfilePk': 127799790, 'deviceId': 3491706218, 'sleepMeasurementStartGMT': '2025-07-19T22:00:00.0', 'sleepMeasurementEndGMT': '2025-07-20T05:59:00.0', 'averageSPO2': 95.0, 'averageHR': 50.0, 'lowestSPO2': 87}",,88.0,87.0,93.0,93.0,93.0,79.0,85.0,74.0,83.0,78.0,98.0,81.0,POSITIVE_LONG_AND_RECOVERING,NONE
2025-07-20 21:07:55,2025-07-21 05:00:23,2025-07-21,ENHANCED_CONFIRMED_FINAL,3420.0,19260.0,4920.0,780.0,0.0,13.0,8.0,22.0,False,1.0,15.279999732971191,27.0,,"{'userProfilePk': 127799790, 'deviceId': 3491706218, 'sleepMeasurementStartGMT': '2025-07-20T21:08:00.0', 'sleepMeasurementEndGMT': '2025-07-21T04:59:00.0', 'averageSPO2': 94.0, 'averageHR': 52.0, 'lowestSPO2': 88}",,85.0,81.0,100.0,79.0,73.0,74.0,73.0,87.0,89.0,88.0,100.0,90.0,POSITIVE_LONG_AND_CALM,NONE
2025-07-21 21:22:30,2025-07-22 05:05:06,2025-07-22,ENHANCED_CONFIRMED_FINAL,4440.0,18240.0,3720.0,1380.0,0.0,13.0,7.0,19.0,False,2.0,18.850000381469727,29.0,,"{'userProfilePk': 127799790, 'deviceId': 3491706218, 'sleepMeasurementStartGMT': '2025-07-21T21:23:00.0', 'sleepMeasurementEndGMT': '2025-07-22T05:00:00.0', 'averageSPO2': 95.0, 'averageHR': 55.0, 'lowestSPO2': 86}",NONE,79.0,75.0,91.0,72.0,84.0,66.0,74.0,74.0,77.0,75.0,95.0,79.0,POSITIVE_LONG_AND_DEEP,NONE
2025-07-22 21:36:06,2025-07-23 04:43:48,2025-07-23,ENHANCED_CONFIRMED_FINAL,5700.0,15420.0,3840.0,720.0,0.0,13.0,7.0,19.0,False,1.0,20.6200008392334,30.0,,"{'userProfilePk': 127799790, 'deviceId': 3491706218, 'sleepMeasurementStartGMT': '2025-07-22T21:37:00.0', 'sleepMeasurementEndGMT': '2025-07-23T04:43:00.0', 'averageSPO2': 93.0, 'averageHR': 54.0, 'lowestSPO2': 87}",,77.0,81.0,77.0,69.0,100.0,69.0,84.0,87.0,91.0,89.0,92.0,89.0,POSITIVE_DEEP,NONE
,,,,,,,,,,,,False,,,,,,,,,,,,,,,,,,,,
